發生地點,天候名稱,光線名稱,道路類別-第1當事者-名稱,速限-第1當事者,道路型態大類別名稱,道路型態子類別名稱,事故位置大類別名稱,事故位置子類別名稱,路面狀況-路面鋪裝名稱,路面狀況-路面狀態名稱,路面狀況-路面缺陷名稱,道路障礙-障礙物名稱,道路障礙-視距品質名稱,道路障礙-視距名稱,號誌-號誌種類名稱,號誌-號誌動作名稱,車道劃分設施-分向設施大類別名稱,車道劃分設施-分向設施子類別名稱,車道劃分設施-分道設施-快車道或一般車道間名稱,車道劃分設施-分道設施-快慢車道間名稱,車道劃分設施-分道設施-路面邊線名稱,事故類型及型態大類別名稱,事故類型及型態子類別名稱,肇因研判大類別名稱-主要,肇因研判子類別名稱-主要,死亡受傷人數,當事者順位,當事者區分-類別-大類別名稱-車種,當事者區分-類別-子類別名稱-車種,當事者屬-性-別名稱,當事者事故發生時年齡,保護裝備名稱,行動電話或電腦或其他相類功能裝置名稱,當事者行動狀態大類別名稱,當事者行動狀態子類別名稱,車輛撞擊部位大類別名稱-最初,車輛撞擊部位子類別名稱-最初,車輛撞擊部位大類別名稱-其他,車輛撞擊部位子類別名稱-其他,肇因研判大類別名稱-個別,肇因研判子類別名稱-個別,肇事逃逸類別名稱-是否肇逃
臺南市新市區光華街口 / 臺南市新市區長安街,晴,夜間(或隧道、地下道、涵洞)有照明,市區道路,50,交岔路,三岔路,交叉路口,交叉路口內,柏油,乾燥,無缺陷,無障礙物,良好,良好,行車管制號誌,正常,行車分向線,無標記,車道線(無標記),未繪設快慢車道分隔線,有,車與車,對向擦撞,駕駛人,未依規定讓車,死亡1;受傷1,1,機車,普通重型,男,63,戴安全帽或繫安全帶(使用幼童安全椅),未使用,車的狀態,左轉彎,機車,前車頭,,,駕駛人,未依規定讓車,否
臺南市安南區安明路三段路燈146號處,晴,夜間(或隧道、地下道、涵洞)有照明,市區道路,70,單路部分,直路,路段,路肩、路緣,柏油,乾燥,無缺陷,無障礙物,良好,良好,無號誌,無號誌,中央分向島,寛式(50公分以上),車道線(無標記),快慢車道分隔線,有,汽(機)車本身,撞路樹、電桿,其他,不明原因肇事,死亡1;受傷0,1,機車,普通重型,女,23,戴安全帽或繫安全帶(使用幼童安全椅),不明,車的狀態,向前直行中,機車,前車頭,機車,前車頭,其他,不明原因肇事,否
新北市土城區永安街78號前0.0公尺,雨,晨或暮光,市區道路,40,單路部分,直路,路段,一般車道(未劃分快慢車道),柏油,濕潤,無缺陷,無障礙物,良好,良好,無號誌,無號誌,雙向禁止超車線,無標記,未繪設車道線,未繪設快慢車道分隔線,有,人與汽(機)車,穿越道路中,駕駛人,未注意車前狀態,死亡1;受傷1,1,機車,普通重型,男,25,戴安全帽或繫安全帶(使用幼童安全椅),未使用,車的狀態,向前直行中,機車,前車頭,機車,前車頭,駕駛人,未注意車前狀態,否
彰化縣員林市南平里莒光路 / 彰化縣員林市南平里新生路,晴,日間自然光線,市區道路,60,交岔路,四岔路,交叉路口,交叉路口內,柏油,乾燥,無缺陷,無障礙物,良好,良好,行車管制號誌,正常,無,無分向設施,未繪設車道線,未繪設快慢車道分隔線,無,車與車,路口交岔撞,駕駛人,違反號誌管制或指揮,死亡1;受傷1,1,機車,普通重型,男,16,戴安全帽或繫安全帶(使用幼童安全椅),未使用,車的狀態,向前直行中,機車,前車頭,,,駕駛人,違反號誌管制或指揮,否
臺中市中區綠川里台中路 / 臺中市中區綠川里建國路,晴,日間自然光線,市區道路,50,單路部分,直路,路段,一般車道(未劃分快慢車道),柏油,乾燥,無缺陷,無障礙物,良好,良好,無號誌,無號誌,雙向禁止超車線,無標記,禁止變換車道線(無標記),未繪設快慢車道分隔線,無,車與車,追撞,駕駛人,未注意車前狀態,死亡1;受傷1,1,小貨車(含客、貨兩用),自用,男,35,戴安全帽或繫安全帶(使用幼童安全椅),不明,車的狀態,向左變換車道,汽車,右前車頭(身),,,駕駛人,未注意車前狀態,否
臺東縣成功鎮三仙里高台路53號附近產業道路,晴,日間自然光線,其他,30,單路部分,直路,其他,其他,柏油,乾燥,無缺陷,無障礙物,良好,良好,無號誌,無號誌,無,無分向設施,未繪設車道線,未繪設快慢車道分隔線,無,汽(機)車本身,其他,其他,其他引起事故之違規或不當行為,死亡1;受傷0,1,機車,普通重型,女,71,戴安全帽或繫安全帶(使用幼童安全椅),未使用,車的狀態,其他,機車,右側車身,,,其他,其他引起事故之違規或不當行為,否
新竹縣湖口鄉德興北路66號,晴,日間自然光線,鄉道,50,單路部分,彎曲路及附近,路段,一般車道(未劃分快慢車道),柏油,乾燥,無缺陷,無障礙物,良好,良好,無號誌,無號誌,雙向禁止超車線,附標記,未繪設車道線,未繪設快慢車道分隔線,有,車與車,其他,駕駛人,未依規定減速,死亡1;受傷0,1,機車,普通重型,男,22,戴安全帽或繫安全帶(使用幼童安全椅),未使用,車的狀態,向前直行中,機車,右側車身,,,駕駛人,未依規定減速,否
臺中市北屯區大坑里東山路二段140號前0.0公尺,晴,夜間(或隧道、地下道、涵洞)有照明,市區道路,50,交岔路,三岔路,交叉路口,交叉口附近,柏油,乾燥,無缺陷,無障礙物,良好,良好,無號誌,無號誌,雙向禁止超車線,無標記,車道線(無標記),未繪設快慢車道分隔線,無,人與汽(機)車,穿越道路中,其他,不明原因肇事,死亡1;受傷0,1,小客車,自用,男,27,戴安全帽或繫安全帶(使用幼童安全椅),未使用,車的狀態,向前直行中,汽車,右前車頭(身),,,其他,不明原因肇事,否
臺南市安定區嘉同里六塊寮157-7號前0.0公尺口,晴,日間自然光線,村里道路,30,交岔路,四岔路,交叉路口,交叉路口內,柏油,乾燥,無缺陷,無障礙物,良好,良好,無號誌,無號誌,無,無分向設施,未繪設車道線,未繪設快慢車道分隔線,無,車與車,路口交岔撞,駕駛人,未依規定讓車,死亡1;受傷0,1,小貨車(含客、貨兩用),自用,男,42,戴安全帽或繫安全帶(使用幼童安全椅),未使用,車的狀態,向前直行中,汽車,前車頭,,,駕駛人,未依規定讓車,否
彰化縣伸港鄉定興村彰新路7段402弄61號前0.0公尺前,晴,日間自然光線,村里道路,30,單路部分,直路,路段,一般車道(未劃分快慢車道),柏油,乾燥,無缺陷,無障礙物,良好,良好,無號誌,無號誌,無,無分向設施,未繪設車道線,未繪設快慢車道分隔線,有,汽(機)車本身,路上翻車、摔倒,其他,不明原因肇事,死亡1;受傷0,1,機車,普通重型,男,58,不明,未使用,車的狀態,向前直行中,其他,不明,其他,不明,其他,不明原因肇事,否
新北市新莊區新北大道4段51號前0.0公尺,晴,日間自然光線,市區道路,50,單路部分,直路,路段,一般車道(未劃分快慢車道),柏油,乾燥,無缺陷,無障礙物,良好,良好,無號誌,無號誌,中央分向島,寛式(50公分以上),車道線(無標記),未繪設快慢車道分隔線,無,汽(機)車本身,撞交通島,其他,不明原因肇事,死亡1;受傷0,1,機車,大型重型2(250-550C.C.),男,21,不明,不明,車的狀態,向前直行中,機車,前車頭,機車,前車頭,其他,不明原因肇事,否
新北市新莊區新泰路484號前0.0公尺,晴,夜間(或隧道、地下道、涵洞)有照明,市區道路,40,單路部分,直路,路段,一般車道(未劃分快慢車道),柏油,乾燥,無缺陷,無障礙物,良好,良好,無號誌,無號誌,雙向禁止超車線,無標記,未繪設車道線,未繪設快慢車道分隔線,有,人與汽(機)車,其他,駕駛人,未注意車前狀態,死亡1;受傷3,1,機車,普通重型,男,26,不明,不明,車的狀態,向前直行中,機車,前車頭,機車,前車頭,駕駛人,未注意車前狀態,否
臺中市大雅區上楓里民生路四段360號前0.0公尺,晴,夜間(或隧道、地下道、涵洞)有照明,市區道路,50,交岔路,四岔路,交叉路口,交叉路口內,柏油,乾燥,無缺陷,無障礙物,良好,良好,行車管制號誌,正常,中央分向島,窄式無柵欄,車道線(無標記),未繪設快慢車道分隔線,有,車與車,側撞,駕駛人,未依規定讓車,死亡1;受傷0,1,小客車,自用,女,35,戴安全帽或繫安全帶(使用幼童安全椅),未使用,車的狀態,左轉彎,汽車,右前車頭(身),,,駕駛人,未依規定讓車,否
苗栗縣頭份市中正一路630號前,晴,夜間(或隧道、地下道、涵洞)有照明,市區道路,50,單路部分,直路,路段,一般車道(未劃分快慢車道),柏油,乾燥,無缺陷,無障礙物,良好,良好,行車管制號誌(附設行人專用號誌),正常,雙向禁止超車線,無標記,車道線(無標記),未繪設快慢車道分隔線,有,人與汽(機)車,穿越道路中,行人(或乘客),未依規定行走行人穿越道、地下道、天橋而穿越道路,死亡1;受傷0,1,人,行人,男,69,其他(無需使用保護裝備之人),非駕駛人,人的狀態,步行,其他,非汽(機)車,其他,非汽(機)車,行人(或乘客),未依規定行走行人穿越道、地下道、天橋而穿越道路,否
新竹縣湖口鄉勝利村勝利路2段84號前0.0公尺,雨,夜間(或隧道、地下道、涵洞)有照明,縣道,50,單路部分,直路,路段,一般車道(未劃分快慢車道),柏油,濕潤,無缺陷,無障礙物,良好,良好,無號誌,無號誌,行車分向線,無標記,未繪設車道線,未繪設快慢車道分隔線,有,人與汽(機)車,同向通行中,駕駛人,未注意車前狀態,死亡1;受傷0,1,小客車,自用,男,19,戴安全帽或繫安全帶(使用幼童安全椅),未使用,車的狀態,向前直行中,汽車,前車頭,汽車,前車頭,駕駛人,未注意車前狀態,否
臺中市大雅區橫山里東大路二段 / 臺中市大雅區橫山里科雅六路,晴,日間自然光線,市區道路,50,交岔路,三岔路,交叉路口,交叉路口內,柏油,乾燥,無缺陷,無障礙物,良好,良好,行車管制號誌,正常,無,無分向設施,未繪設車道線,未繪設快慢車道分隔線,無,車與車,對向擦撞,駕駛人,左轉彎未依規定,死亡1;受傷0,1,機車,普通重型,男,20,戴安全帽或繫安全帶(使用幼童安全椅),未使用,車的狀態,左轉彎,機車,右側車身,,,駕駛人,左轉彎未依規定,否
屏東縣里港鄉鐵店村鐵店路53-40號,晴,日間自然光線,村里道路,50,單路部分,直路,路段,一般車道(未劃分快慢車道),柏油,乾燥,無缺陷,無障礙物,良好,良好,無號誌,無號誌,行車分向線,無標記,車道線(無標記),未繪設快慢車道分隔線,有,車與車,其他,駕駛人,未注意車前狀態,死亡1;受傷2,1,小客車,自用,女,61,戴安全帽或繫安全帶(使用幼童安全椅),未使用,車的狀態,向前直行中,汽車,右前車頭(身),,,駕駛人,未注意車前狀態,否
彰化縣溪州鄉西畔村登山路3段東側 / 彰化縣溪州鄉西畔村西南巷,晴,日間自然光線,村里道路,40,單路部分,直路,路段,一般車道(未劃分快慢車道),柏油,乾燥,無缺陷,無障礙物,良好,良好,無號誌,無號誌,無,無分向設施,未繪設車道線,未繪設快慢車道分隔線,有,車與車,對撞,其他,其他引起事故之違規或不當行為,死亡1;受傷1,1,機車,普通重型,男,17,戴安全帽或繫安全帶(使用幼童安全椅),未使用,車的狀態,超車(含超越),機車,前車頭,,,其他,其他引起事故之違規或不當行為,否
桃園市中壢區華美一路6號前0.0公尺,晴,日間自然光線,市區道路,50,交岔路,三岔路,交叉路口,交叉口附近,柏油,乾燥,無缺陷,無障礙物,良好,良好,無號誌,無號誌,行車分向線,無標記,未繪設車道線,未繪設快慢車道分隔線,有,車與車,對撞,駕駛人,酒醉(後)駕駛失控,死亡1;受傷0,1,機車,普通重型,男,37,戴安全帽或繫安全帶(使用幼童安全椅),不明,車的狀態,向前直行中,機車,前車頭,,,駕駛人,酒醉(後)駕駛失控,否
臺南市安南區海尾路上東向車道第36號路燈桿旁,晴,日間自然光線,市區道路,60,單路部分,直路,路段,路肩、路緣,柏油,乾燥,無缺陷,無障礙物,良好,良好,無號誌,無號誌,中央分向島,寛式(50公分以上),未繪設車道線,快慢車道分隔線,有,汽(機)車本身,撞路樹、電桿,其他,不明原因肇事,死亡1;受傷2,1,機車,普通重型,女,40,戴安全帽或繫安全帶(使用幼童安全椅),未使用,車的狀態,向前直行中,機車,右側車身,,,其他,不明原因肇事,否
新竹縣竹北市中華路南下方向明新科大下坡處、台1線66公里,晴,晨或暮光,省道,50,單路部分,彎曲路及附近,路段,機車專用道,柏油,乾燥,無缺陷,無障礙物,良好,良好,無號誌,無號誌,中央分向島,寛式(50公分以上),車道線(無標記),快慢車道分隔線,有,汽(機)車本身,撞護欄(樁),駕駛人,未注意車前狀態,死亡1;受傷0,1,機車,普通重型,男,53,戴安全帽或繫安全帶(使用幼童安全椅),未使用,車的狀態,向前直行中,機車,左側車身,,,駕駛人,未注意車前狀態,否
南投縣仁愛鄉投80線3.8公里,晴,夜間(或隧道、地下道、涵洞)有照明,鄉道,40,交岔路,三岔路,交叉路口,交叉路口內,柏油,乾燥,無缺陷,無障礙物,良好,良好,無號誌,無號誌,無,無分向設施,未繪設車道線,未繪設快慢車道分隔線,有,人與汽(機)車,穿越道路中,駕駛人,酒醉(後)駕駛失控,死亡1;受傷0,1,機車,普通重型,男,23,不明,不明,車的狀態,向前直行中,機車,前車頭,,,駕駛人,酒醉(後)駕駛失控,否
桃園市桃園區國際路一段975巷12之1號前0.0公尺附近,陰,夜間(或隧道、地下道、涵洞)有照明,市區道路,30,單路部分,巷弄,路段,一般車道(未劃分快慢車道),柏油,乾燥,無缺陷,無障礙物,良好,良好,無號誌,無號誌,無,無分向設施,未繪設車道線,未繪設快慢車道分隔線,有,汽(機)車本身,路上翻車、摔倒,駕駛人,酒醉(後)駕駛失控,死亡1;受傷0,1,慢車,腳踏自行車,男,53,其他(無需使用保護裝備之人),未使用,車的狀態,向前直行中,其他,非汽(機)車,,,駕駛人,酒醉(後)駕駛失控,否
臺中市梧棲區安仁里臺灣大道九段2巷53號前0.0公尺,晴,夜間(或隧道、地下道、涵洞)有照明,市區道路,40,單路部分,直路,路段,一般車道(未劃分快慢車道),柏油,乾燥,無缺陷,無障礙物,良好,良好,無號誌,無號誌,無,無分向設施,未繪設車道線,未繪設快慢車道分隔線,無,車與車,追撞,駕駛人,酒醉(後)駕駛失控,死亡1;受傷0,1,小貨車(含客、貨兩用),自用,男,39,不明,不明,車的狀態,向前直行中,汽車,前車頭,,,駕駛人,酒醉(後)駕駛失控,否
屏東縣麟洛鄉民生路與信義路口,晴,日間自然光線,村里道路,40,交岔路,四岔路,交叉路口,交叉路口內,柏油,乾燥,無缺陷,無障礙物,良好,良好,行車管制號誌,正常,無,無分向設施,未繪設車道線,未繪設快慢車道分隔線,無,車與車,側撞,駕駛人,未依規定讓車,死亡1;受傷1,1,機車,普通重型,男,33,戴安全帽或繫安全帶(使用幼童安全椅),未使用,車的狀態,左轉彎,機車,前車頭,,,駕駛人,未依規定讓車,否
臺南市善化區文昌里西拉雅大道陸橋,晴,日間自然光線,市區道路,50,單路部分,直路,路段,機車優先道,柏油,乾燥,無缺陷,無障礙物,良好,良好,無號誌,無號誌,中央分向島,寛式(50公分以上),車道線(無標記),快慢車道分隔線,有,車與車,追撞,駕駛人,超速失控,死亡1;受傷1,1,小客車,自用,男,34,不明,不明,車的狀態,向右變換車道,汽車,前車頭,,,駕駛人,超速失控,否
新竹縣關西鎮新力里竹21鄉道高速公路橋下(土地公廟前),晴,夜間(或隧道、地下道、涵洞)有照明,鄉道,50,單路部分,彎曲路及附近,路段,路肩、路緣,柏油,乾燥,無缺陷,無障礙物,良好,良好,無號誌,無號誌,行車分向線,附標記,未繪設車道線,未繪設快慢車道分隔線,有,汽(機)車本身,衝出路外,駕駛人,未注意車前狀態,死亡1;受傷0,1,機車,普通輕型,女,72,戴安全帽或繫安全帶(使用幼童安全椅),不明,車的狀態,向前直行中,機車,前車頭,,,駕駛人,未注意車前狀態,否
臺中市烏日區湖日里新興路 / 臺中市烏日區湖日里新興路廣惠三巷,晴,夜間(或隧道、地下道、涵洞)有照明,市區道路,60,交岔路,四岔路,交叉路口,交叉路口內,柏油,乾燥,無缺陷,無障礙物,良好,良好,行車管制號誌,正常,無,無分向設施,未繪設車道線,未繪設快慢車道分隔線,無,人與汽(機)車,穿越道路中,駕駛人,未注意車前狀態,死亡1;受傷0,1,小客車,自用,男,29,戴安全帽或繫安全帶(使用幼童安全椅),未使用,車的狀態,向前直行中,汽車,前車頭,,,駕駛人,未注意車前狀態,否
臺中市清水區西社里中清路九段前0.0公尺,晴,夜間(或隧道、地下道、涵洞)有照明,市區道路,40,單路部分,直路,路段,慢車道,柏油,乾燥,無缺陷,無障礙物,良好,良好,無號誌,無號誌,中央分向島,寛式(50公分以上),車道線(無標記),窄式快慢車道分隔島(無柵欄),有,車與車,其他,駕駛人,未注意車前狀態,死亡1;受傷0,1,小客車,自用,男,58,不明,不明,車的狀態,向前直行中,汽車,前車頭,,,駕駛人,未注意車前狀態,否
桃園市中壢區新生路三段25之1號前0.0公尺附近,雨,夜間(或隧道、地下道、涵洞)有照明,市區道路,50,單路部分,直路,路段,一般車道(未劃分快慢車道),柏油,濕潤,無缺陷,道路工事(程)中,良好,良好,無號誌,無號誌,中央分向島,寛式(50公分以上),車道線(附標記),未繪設快慢車道分隔線,有,汽(機)車本身,撞工程施工,駕駛人,違規超車,死亡1;受傷0,1,機車,普通重型,男,45,戴安全帽或繫安全帶(使用幼童安全椅),未使用,車的狀態,向前直行中,機車,前車頭,,,駕駛人,違規超車,否
臺中市潭子區栗林里中山路三段 / 臺中市潭子區栗林里豐栗路,雨,夜間(或隧道、地下道、涵洞)有照明,市區道路,50,交岔路,三岔路,交叉路口,交叉口附近,柏油,濕潤,無缺陷,無障礙物,良好,良好,行車管制號誌,正常,中央分向島,寛式(50公分以上),車道線(附標記),快慢車道分隔線,有,車與車,其他,駕駛人,違反號誌管制或指揮,死亡1;受傷0,1,機車,普通重型,男,22,戴安全帽或繫安全帶(使用幼童安全椅),未使用,車的狀態,向前直行中,機車,前車頭,,,駕駛人,違反號誌管制或指揮,否
屏東縣枋山鄉台一線內獅路口,晴,日間自然光線,其他,70,交岔路,三岔路,交叉路口,交叉路口內,柏油,乾燥,無缺陷,無障礙物,良好,良好,行車管制號誌,正常,中央分向島,寛式(50公分以上),車道線(附標記),快慢車道分隔線,有,車與車,對向擦撞,駕駛人,左轉彎未依規定,死亡1;受傷0,1,機車,普通重型,男,58,戴安全帽或繫安全帶(使用幼童安全椅),未使用,車的狀態,左轉彎,機車,右側車身,,,駕駛人,左轉彎未依規定,否
臺北市文山區興隆路3段192巷8弄7號前0.0公尺,雨,夜間(或隧道、地下道、涵洞)有照明,市區道路,30,單路部分,直路,路段,一般車道(未劃分快慢車道),柏油,濕潤,無缺陷,無障礙物,良好,良好,無號誌,無號誌,行車分向線,無標記,車道線(無標記),未繪設快慢車道分隔線,無,人與汽(機)車,穿越道路中,駕駛人,超速失控,死亡1;受傷1,1,機車,普通重型,男,19,戴安全帽或繫安全帶(使用幼童安全椅),未使用,車的狀態,向前直行中,機車,前車頭,機車,前車頭,駕駛人,超速失控,否
新北市新莊區幸福路800號前0.0公尺,晴,夜間(或隧道、地下道、涵洞)有照明,市區道路,50,單路部分,直路,路段,一般車道(未劃分快慢車道),柏油,乾燥,無缺陷,無障礙物,良好,良好,無號誌,無號誌,行車分向線,附標記,未繪設車道線,未繪設快慢車道分隔線,有,人與汽(機)車,穿越道路中,駕駛人,未注意車前狀態,死亡1;受傷2,1,機車,普通重型,男,27,戴安全帽或繫安全帶(使用幼童安全椅),未使用,車的狀態,向前直行中,機車,前車頭,機車,前車頭,駕駛人,未注意車前狀態,否
雲林縣口湖鄉台61線南下248.8公里處,晴,夜間(或隧道、地下道、涵洞)無照明,省道,90,單路部分,直路,路段,快車道,柏油,乾燥,無缺陷,無障礙物,良好,良好,無號誌,無號誌,中央分向島,寛式(50公分以上),車道線(附標記),快慢車道分隔線,有,汽(機)車本身,撞護欄(樁),其他,不明原因肇事,死亡1;受傷0,1,小客車,自用,男,33,不明,不明,車的狀態,向前直行中,汽車,左前車頭(身),汽車,前車頭,其他,不明原因肇事,否
高雄市林園區沿海路4段 / 高雄市林園區沿海路4段,晴,日間自然光線,市區道路,50,交岔路,三岔路,交叉路口,交叉路口內,柏油,乾燥,無缺陷,無障礙物,良好,良好,行車管制號誌,正常,無,無分向設施,未繪設車道線,未繪設快慢車道分隔線,無,車與車,同向擦撞,駕駛人,未保持行車安全間隔,死亡1;受傷0,1,機車,普通重型,女,72,戴安全帽或繫安全帶(使用幼童安全椅),未使用,車的狀態,向前直行中,機車,左側車身,機車,左側車身,駕駛人,未保持行車安全間隔,否
彰化縣彰化市快官里東外環路前0.0公尺,晴,日間自然光線,市區道路,40,單路部分,直路,路段,慢車道,柏油,乾燥,無缺陷,無障礙物,良好,良好,無號誌,無號誌,中央分向島,寛式(50公分以上),未繪設車道線,寛式快慢車道分隔島(50公分以上),有,汽(機)車本身,路上翻車、摔倒,其他,其他引起事故之違規或不當行為,死亡1;受傷0,1,機車,普通重型,男,21,戴安全帽或繫安全帶(使用幼童安全椅),不明,車的狀態,向前直行中,其他,不明,,,其他,其他引起事故之違規或不當行為,否
臺南市善化區溪美里台19甲線北向(溪尾838號對面)機車優先道,晴,夜間(或隧道、地下道、涵洞)有照明,省道,40,單路部分,直路,路段,機車優先道,柏油,乾燥,無缺陷,無障礙物,良好,良好,無號誌,無號誌,雙向禁止超車線,無標記,車道線(無標記),快慢車道分隔線,有,車與車,同向擦撞,駕駛人,未保持行車安全間隔,死亡1;受傷1,1,機車,普通重型,女,18,戴安全帽或繫安全帶(使用幼童安全椅),未使用,車的狀態,向前直行中,機車,右側車身,,,駕駛人,未保持行車安全間隔,否
高雄市大寮區鳳林一路492號前0.0公尺,晴,夜間(或隧道、地下道、涵洞)有照明,市區道路,40,單路部分,直路,路段,慢車道,柏油,乾燥,無缺陷,無障礙物,良好,良好,無號誌,無號誌,中央分向島,寛式(50公分以上),車道線(無標記),快慢車道分隔線,有,汽(機)車本身,路上翻車、摔倒,駕駛人,未依規定減速,死亡1;受傷0,1,機車,普通重型,男,56,戴安全帽或繫安全帶(使用幼童安全椅),未使用,車的狀態,向前直行中,機車,前車頭,機車,前車頭,駕駛人,未依規定減速,否
南投縣國姓鄉縣147線 5公里東側向外側,晴,夜間(或隧道、地下道、涵洞)無照明,縣道,25,單路部分,其他,路段,路肩、路緣,柏油,乾燥,無缺陷,道路工事(程)中,不良,其他,無號誌,無號誌,無,無分向設施,車道線(無標記),未繪設快慢車道分隔線,有,汽(機)車本身,撞護欄(樁),駕駛人,酒醉(後)駕駛失控,死亡1;受傷0,1,機車,普通重型,男,49,未戴案全帽或未繫安全帶(未使用幼童安全椅),未使用,車的狀態,向前直行中,機車,前車頭,,,駕駛人,酒醉(後)駕駛失控,否
苗栗縣苗栗市民族路口 / 苗栗縣苗栗市北安街口,晴,夜間(或隧道、地下道、涵洞)有照明,市區道路,50,交岔路,四岔路,交叉路口,交叉路口內,柏油,乾燥,無缺陷,無障礙物,良好,良好,行車管制號誌,正常,雙向禁止超車線,無標記,禁止變換車道線(無標記),快慢車道分隔線,有,車與車,同向擦撞,駕駛人,未注意車前狀態,死亡1;受傷0,1,小客車,自用,女,43,戴安全帽或繫安全帶(使用幼童安全椅),未使用,車的狀態,向前直行中,汽車,前車頭,,,駕駛人,未注意車前狀態,否
臺中市西屯區港尾里中平路前0.0公尺,晴,日間自然光線,市區道路,40,單路部分,直路,路段,快車道,柏油,乾燥,無缺陷,無障礙物,良好,良好,無號誌,無號誌,行車分向線,無標記,車道線(無標記),快慢車道分隔線,無,車與車,其他,其他,其他引起事故之違規或不當行為,死亡1;受傷0,1,機車,普通重型,女,36,戴安全帽或繫安全帶(使用幼童安全椅),未使用,車的狀態,向前直行中,機車,左側車身,,,其他,其他引起事故之違規或不當行為,否
屏東縣車城鄉溫泉路與溫新路口,晴,日間自然光線,縣道,40,交岔路,三岔路,交叉路口,交叉口附近,柏油,乾燥,無缺陷,無障礙物,良好,良好,行車管制號誌,正常,雙向禁止超車線,無標記,未繪設車道線,未繪設快慢車道分隔線,有,汽(機)車本身,路上翻車、摔倒,駕駛人,未注意車前狀態,死亡1;受傷0,1,機車,普通重型,男,65,未戴案全帽或未繫安全帶(未使用幼童安全椅),未使用,車的狀態,向前直行中,機車,右側車身,,,駕駛人,未注意車前狀態,否
臺中市后里區墩南里堤防路216號前0.0公尺,晴,日間自然光線,市區道路,40,交岔路,三岔路,交叉路口,交叉口附近,柏油,乾燥,無缺陷,無障礙物,良好,良好,無號誌,無號誌,雙向禁止超車線,無標記,未繪設車道線,快慢車道分隔線,無,汽(機)車本身,撞路樹、電桿,駕駛人,未注意車前狀態,死亡1;受傷0,1,機車,普通重型,男,55,戴安全帽或繫安全帶(使用幼童安全椅),未使用,車的狀態,向前直行中,機車,右側車身,,,駕駛人,未注意車前狀態,否
嘉義縣新港鄉南港村159線與嘉69線路口,晴,日間自然光線,縣道,50,交岔路,四岔路,交叉路口,交叉路口內,柏油,乾燥,無缺陷,無障礙物,良好,良好,行車管制號誌,正常,無,無分向設施,未繪設車道線,未繪設快慢車道分隔線,無,車與車,側撞,駕駛人,左轉彎未依規定,死亡1;受傷0,1,機車,普通重型,女,48,戴安全帽或繫安全帶(使用幼童安全椅),未使用,車的狀態,左轉彎,機車,後車尾,,,駕駛人,左轉彎未依規定,否
臺南市仁德區山線 369.0公里59.0公尺文賢路二段,晴,日間自然光線,其他,15,平交道,有遮斷器,其他,其他,其他鋪裝,乾燥,無缺陷,無障礙物,良好,良好,閃光號誌,正常,無,無分向設施,未繪設車道線,未繪設快慢車道分隔線,無,平交道事故,正越過平交道中,行人(或乘客),未依標誌、標線、號誌或手勢指揮穿越道路,死亡1;受傷0,1,人,行人,男,57,其他(無需使用保護裝備之人),未使用,人的狀態,步行,其他,非汽(機)車,,,行人(或乘客),未依標誌、標線、號誌或手勢指揮穿越道路,否
桃園市楊梅區青山里幼獅路一段口 / 桃園市楊梅區青山里青山一街口,晴,日間自然光線,市區道路,50,交岔路,三岔路,交叉路口,交叉口附近,柏油,乾燥,無缺陷,無障礙物,良好,良好,行車管制號誌,正常,中央分向島,寛式(50公分以上),車道線(無標記),未繪設快慢車道分隔線,有,車與車,追撞,其他,其他引起事故之違規或不當行為,死亡1;受傷3,1,小客車,自用,男,81,戴安全帽或繫安全帶(使用幼童安全椅),未使用,車的狀態,向前直行中,汽車,前車頭,,,其他,其他引起事故之違規或不當行為,否
新竹縣竹北市中華路1003巷口,晴,夜間(或隧道、地下道、涵洞)有照明,省道,50,交岔路,三岔路,交叉路口,交叉路口內,柏油,乾燥,無缺陷,無障礙物,良好,良好,閃光號誌,正常,中央分向島,寛式(50公分以上),車道線(無標記),快慢車道分隔線,有,車與車,同向擦撞,駕駛人,未保持行車安全間隔,死亡1;受傷0,1,機車,普通重型,男,45,戴安全帽或繫安全帶(使用幼童安全椅),未使用,車的狀態,向前直行中,機車,右側車身,,,駕駛人,未保持行車安全間隔,否
臺北市萬華區堤外便道前0.0公尺,晴,夜間(或隧道、地下道、涵洞)有照明,市區道路,40,交岔路,四岔路,交叉路口,交叉路口內,柏油,乾燥,無缺陷,無障礙物,良好,良好,閃光號誌,正常,中央分向島,寛式(50公分以上),車道線(無標記),未繪設快慢車道分隔線,無,車與車,路口交岔撞,駕駛人,橫越道路不慎,死亡1;受傷1,1,慢車,腳踏自行車,男,59,其他(無需使用保護裝備之人),非駕駛人,車的狀態,迴轉或橫越道路中,其他,非汽(機)車,其他,非汽(機)車,駕駛人,橫越道路不慎,否