發生地點,天候名稱,光線名稱,道路類別-第1當事者-名稱,速限-第1當事者,道路型態大類別名稱,道路型態子類別名稱,事故位置大類別名稱,事故位置子類別名稱,路面狀況-路面鋪裝名稱,路面狀況-路面狀態名稱,路面狀況-路面缺陷名稱,道路障礙-障礙物名稱,道路障礙-視距品質名稱,道路障礙-視距名稱,號誌-號誌種類名稱,號誌-號誌動作名稱,車道劃分設施-分向設施大類別名稱,車道劃分設施-分向設施子類別名稱,車道劃分設施-分道設施-快車道或一般車道間名稱,車道劃分設施-分道設施-快慢車道間名稱,車道劃分設施-分道設施-路面邊線名稱,事故類型及型態大類別名稱,事故類型及型態子類別名稱,肇因研判大類別名稱-主要,肇因研判子類別名稱-主要,死亡受傷人數,當事者順位,當事者區分-類別-大類別名稱-車種,當事者區分-類別-子類別名稱-車種,當事者屬-性-別名稱,當事者事故發生時年齡,保護裝備名稱,行動電話或電腦或其他相類功能裝置名稱,當事者行動狀態大類別名稱,當事者行動狀態子類別名稱,車輛撞擊部位大類別名稱-最初,車輛撞擊部位子類別名稱-最初,車輛撞擊部位大類別名稱-其他,車輛撞擊部位子類別名稱-其他,肇因研判大類別名稱-個別,肇因研判子類別名稱-個別,肇事逃逸類別名稱-是否肇逃
臺東縣卑南鄉賓朗橋北端,晴,夜間(或隧道、地下道、涵洞)有照明,村里道路,60,單路部分,彎曲路及附近,路段,慢車道,柏油,乾燥,無缺陷,無障礙物,良好,良好,無號誌,無號誌,雙向禁止超車線,無標記,未繪設車道線,快慢車道分隔線,有,汽(機)車本身,路上翻車、摔倒,駕駛人,未依規定減速,死亡1;受傷0,1,機車,普通重型,男,17,戴安全帽或繫安全帶(使用幼童安全椅),未使用,車的狀態,向前直行中,機車,前車頭,,,駕駛人,未依規定減速,否
彰化縣線西鄉下犁村和樂路前0.0公尺,陰,夜間(或隧道、地下道、涵洞)有照明,村里道路,30,交岔路,四岔路,交叉路口,交叉路口內,柏油,乾燥,無缺陷,無障礙物,良好,良好,閃光號誌,正常,雙向禁止超車線,無標記,未繪設車道線,未繪設快慢車道分隔線,有,車與車,路口交岔撞,駕駛人,未依規定讓車,死亡1;受傷0,1,小客車,自用,男,36,戴安全帽或繫安全帶(使用幼童安全椅),未使用,車的狀態,向前直行中,汽車,左前車頭(身),,,駕駛人,未依規定讓車,否
臺南市安南區四草大道口 / 臺南市安南區北汕尾一路口,晴,日間自然光線,市區道路,50,單路部分,直路,路段,路肩、路緣,柏油,乾燥,無缺陷,無障礙物,良好,良好,無號誌,無號誌,中央分向島,寛式(50公分以上),車道線(無標記),寛式快慢車道分隔島(50公分以上),有,汽(機)車本身,路上翻車、摔倒,駕駛人,未注意車前狀態,死亡1;受傷0,1,機車,普通重型,女,66,戴安全帽或繫安全帶(使用幼童安全椅),未使用,車的狀態,向前直行中,機車,右側車身,機車,右側車身,駕駛人,未注意車前狀態,否
新竹縣關西鎮縣118線 32公里100.0公尺處,雨,日間自然光線,縣道,50,單路部分,彎曲路及附近,路段,路肩、路緣,柏油,濕潤,無缺陷,無障礙物,良好,良好,無號誌,無號誌,行車分向線,附標記,未繪設車道線,未繪設快慢車道分隔線,有,汽(機)車本身,撞路樹、電桿,駕駛人,未注意車前狀態,死亡1;受傷0,1,機車,普通重型,男,37,戴安全帽或繫安全帶(使用幼童安全椅),未使用,車的狀態,向前直行中,機車,前車頭,機車,前車頭,駕駛人,未注意車前狀態,否
臺南市新化區知義里中興路293號前0.0公尺東側,晴,日間自然光線,市區道路,50,單路部分,直路,路段,路肩、路緣,柏油,乾燥,無缺陷,無障礙物,良好,良好,無號誌,無號誌,雙向禁止超車線,無標記,車道線(無標記),未繪設快慢車道分隔線,有,汽(機)車本身,撞路樹、電桿,駕駛人,未注意車前狀態,死亡1;受傷0,1,機車,普通重型,女,73,戴安全帽或繫安全帶(使用幼童安全椅),未使用,車的狀態,向前直行中,機車,右側車身,,,駕駛人,未注意車前狀態,否
高雄市大寮區鳳林三路 / 高雄市大寮區萬丹路,晴,日間自然光線,市區道路,50,交岔路,四岔路,交叉路口,交叉路口內,柏油,乾燥,無缺陷,無障礙物,良好,良好,行車管制號誌,正常,無,無分向設施,未繪設車道線,未繪設快慢車道分隔線,無,車與車,側撞,駕駛人,未依規定讓車,死亡1;受傷1,1,小貨車(含客、貨兩用),自用,男,51,戴安全帽或繫安全帶(使用幼童安全椅),未使用,車的狀態,左轉彎,汽車,左後車尾(身),汽車,左後車尾(身),駕駛人,未依規定讓車,否
彰化縣鹿港鎮洋厝里鹿草路3段 / 彰化縣鹿港鎮洋厝里鹿草路3段,雨,夜間(或隧道、地下道、涵洞)有照明,村里道路,70,交岔路,四岔路,交叉路口,交叉路口內,柏油,濕潤,無缺陷,無障礙物,良好,良好,行車管制號誌,正常,無,無分向設施,未繪設車道線,未繪設快慢車道分隔線,無,人與汽(機)車,穿越道路中,行人(或乘客),未依規定行走行人穿越道、地下道、天橋而穿越道路,死亡1;受傷1,1,人,行人,女,86,其他(無需使用保護裝備之人),非駕駛人,人的狀態,其他,其他,非汽(機)車,,,行人(或乘客),未依規定行走行人穿越道、地下道、天橋而穿越道路,否
南投縣竹山鎮山崇里集山路一段1958巷口處,晴,夜間(或隧道、地下道、涵洞)有照明,村里道路,50,單路部分,直路,路段,一般車道(未劃分快慢車道),柏油,乾燥,無缺陷,無障礙物,良好,良好,無號誌,無號誌,行車分向線,無標記,車道線(無標記),未繪設快慢車道分隔線,有,汽(機)車本身,衝出路外,其他,不明原因肇事,死亡1;受傷0,1,機車,普通重型,男,80,戴安全帽或繫安全帶(使用幼童安全椅),未使用,車的狀態,向前直行中,機車,前車頭,,,其他,不明原因肇事,否
屏東縣新園鄉五房路734-1號前0.0公尺,晴,夜間(或隧道、地下道、涵洞)有照明,村里道路,50,單路部分,彎曲路及附近,路段,一般車道(未劃分快慢車道),柏油,乾燥,無缺陷,無障礙物,良好,良好,無號誌,無號誌,行車分向線,附標記,車道線(無標記),快慢車道分隔線,有,車與車,追撞,駕駛人,未注意車前狀態,死亡1;受傷0,1,小客車,自用,男,56,戴安全帽或繫安全帶(使用幼童安全椅),未使用,車的狀態,向前直行中,汽車,前車頭,,,駕駛人,未注意車前狀態,否
屏東縣恆春鎮鵝鑾路段往北,雨,夜間(或隧道、地下道、涵洞)有照明,市區道路,40,單路部分,彎曲路及附近,路段,一般車道(未劃分快慢車道),柏油,濕潤,無缺陷,無障礙物,良好,良好,無號誌,無號誌,雙向禁止超車線,附標記,未繪設車道線,未繪設快慢車道分隔線,有,車與車,其他,駕駛人,酒醉(後)駕駛失控,死亡1;受傷0,1,機車,普通重型,男,63,戴安全帽或繫安全帶(使用幼童安全椅),不明,車的狀態,向前直行中,機車,左側車身,,,駕駛人,酒醉(後)駕駛失控,否
桃園市桃園區中正路60號前0.0公尺,雨,夜間(或隧道、地下道、涵洞)有照明,市區道路,50,單路部分,直路,路段,一般車道(未劃分快慢車道),柏油,濕潤,無缺陷,無障礙物,良好,良好,無號誌,無號誌,雙向禁止超車線,無標記,未繪設車道線,未繪設快慢車道分隔線,有,人與汽(機)車,穿越道路中,行人(或乘客),未依規定行走行人穿越道、地下道、天橋而穿越道路,死亡1;受傷1,1,人,行人,女,56,其他(無需使用保護裝備之人),未使用,人的狀態,步行,其他,非汽(機)車,,,行人(或乘客),未依規定行走行人穿越道、地下道、天橋而穿越道路,否
新北市板橋區新北市板橋區大漢橋路往新莊方向上橋處,陰,夜間(或隧道、地下道、涵洞)有照明,市區道路,50,單路部分,直路,路段,機車專用道,柏油,濕潤,無缺陷,無障礙物,良好,良好,無號誌,無號誌,中央分向島,寛式(50公分以上),未繪設車道線,未繪設快慢車道分隔線,有,汽(機)車本身,其他,駕駛人,酒醉(後)駕駛失控,死亡1;受傷0,1,機車,普通重型,女,46,戴安全帽或繫安全帶(使用幼童安全椅),未使用,車的狀態,向前直行中,機車,前車頭,機車,前車頭,駕駛人,酒醉(後)駕駛失控,否
臺北市士林區福國路 / 臺北市士林區福華路,雨,夜間(或隧道、地下道、涵洞)有照明,市區道路,50,交岔路,四岔路,交叉路口,交叉路口內,柏油,濕潤,無缺陷,無障礙物,良好,良好,行車管制號誌,正常,中央分向島,寛式(50公分以上),未繪設車道線,未繪設快慢車道分隔線,無,車與車,路口交岔撞,駕駛人,酒醉(後)駕駛失控,死亡1;受傷0,1,慢車,腳踏自行車,男,76,其他(無需使用保護裝備之人),非駕駛人,車的狀態,向前直行中,其他,非汽(機)車,其他,非汽(機)車,駕駛人,酒醉(後)駕駛失控,否
高雄市岡山區岡山北路.號前0.0公尺,雨,日間自然光線,市區道路,60,單路部分,直路,其他,其他,柏油,濕潤,無缺陷,無障礙物,良好,良好,無號誌,無號誌,中央分向島,寛式(50公分以上),車道線(附標記),快慢車道分隔線,有,車與車,追撞,駕駛人,未注意車前狀態,死亡1;受傷1,1,機車,普通重型,男,22,戴安全帽或繫安全帶(使用幼童安全椅),未使用,車的狀態,向前直行中,機車,右側車身,機車,右側車身,駕駛人,未注意車前狀態,否
苗栗縣三灣鄉中正路174號前。,雨,夜間(或隧道、地下道、涵洞)有照明,村里道路,50,單路部分,直路,路段,一般車道(未劃分快慢車道),柏油,濕潤,無缺陷,無障礙物,良好,良好,無號誌,無號誌,行車分向線,無標記,未繪設車道線,未繪設快慢車道分隔線,有,人與汽(機)車,穿越道路中,行人(或乘客),未依規定行走行人穿越道、地下道、天橋而穿越道路,死亡1;受傷1,1,人,行人,女,67,其他(無需使用保護裝備之人),非駕駛人,人的狀態,步行,其他,非汽(機)車,,,行人(或乘客),未依規定行走行人穿越道、地下道、天橋而穿越道路,否
彰化縣溪湖鎮西勢里彰水路1段815號前0.0公尺南側,晴,夜間(或隧道、地下道、涵洞)有照明,村里道路,60,單路部分,直路,路段,一般車道(未劃分快慢車道),柏油,濕潤,無缺陷,無障礙物,良好,良好,無號誌,無號誌,中央分向島,寛式(50公分以上),車道線(無標記),未繪設快慢車道分隔線,有,車與車,其他,駕駛人,酒醉(後)駕駛失控,死亡1;受傷0,1,機車,普通重型,男,34,戴安全帽或繫安全帶(使用幼童安全椅),未使用,車的狀態,向前直行中,機車,前車頭,,,駕駛人,酒醉(後)駕駛失控,否
高雄市甲仙區台29省道寶隆大橋號前0.0公尺附近,晴,日間自然光線,市區道路,50,單路部分,橋樑,路段,一般車道(未劃分快慢車道),柏油,乾燥,無缺陷,無障礙物,良好,良好,無號誌,無號誌,雙向禁止超車線,附標記,未繪設車道線,快慢車道分隔線,有,汽(機)車本身,路上翻車、摔倒,駕駛人,超速失控,死亡1;受傷1,1,機車,普通重型,男,42,戴安全帽或繫安全帶(使用幼童安全椅),未使用,車的狀態,向前直行中,其他,不明,其他,不明,駕駛人,超速失控,否
臺中市大雅區橫山里東大路二段1100巷78號前0.0公尺,霧或煙,夜間(或隧道、地下道、涵洞)有照明,市區道路,30,單路部分,直路,路段,一般車道(未劃分快慢車道),柏油,乾燥,無缺陷,無障礙物,良好,良好,無號誌,無號誌,無,無分向設施,未繪設車道線,未繪設快慢車道分隔線,無,車與車,其他,駕駛人,酒醉(後)駕駛失控,死亡1;受傷1,1,小客車,計程車,男,29,未戴案全帽或未繫安全帶(未使用幼童安全椅),未使用,車的狀態,向前直行中,汽車,左前車頭(身),,,駕駛人,酒醉(後)駕駛失控,否
臺南市下營區省道臺19甲線口 / 臺南市下營區區道南58線,晴,日間自然光線,市區道路,50,交岔路,四岔路,交叉路口,交叉路口內,柏油,乾燥,路面鬆軟,無障礙物,良好,良好,行車管制號誌,無動作,無,無分向設施,未繪設車道線,未繪設快慢車道分隔線,無,車與車,路口交岔撞,駕駛人,未依規定讓車,死亡1;受傷1,1,機車,普通重型,男,47,戴安全帽或繫安全帶(使用幼童安全椅),未使用,車的狀態,向前直行中,機車,前車頭,,,駕駛人,未依規定讓車,否
臺南市白河區縣172線 36公里300.0公尺處附近,晴,日間自然光線,縣道,60,單路部分,直路,路段,路肩、路緣,柏油,乾燥,無缺陷,無障礙物,良好,良好,無號誌,無號誌,雙向禁止超車線,附標記,車道線(無標記),快慢車道分隔線,有,汽(機)車本身,撞路樹、電桿,駕駛人,未注意車前狀態,死亡1;受傷0,1,慢車,微型電動二輪車,男,22,戴安全帽或繫安全帶(使用幼童安全椅),不明,車的狀態,向前直行中,其他,非汽(機)車,,,駕駛人,未注意車前狀態,否
彰化縣鹿港鎮東崎里東崎二巷 / 彰化縣鹿港鎮東崎里彰鹿路5段,晴,夜間(或隧道、地下道、涵洞)有照明,村里道路,60,交岔路,四岔路,交叉路口,交叉路口內,柏油,乾燥,無缺陷,無障礙物,良好,良好,行車管制號誌,正常,中央分向島,寛式(50公分以上),車道線(無標記),未繪設快慢車道分隔線,有,車與車,路口交岔撞,駕駛人,違反號誌管制或指揮,死亡1;受傷0,1,慢車,腳踏自行車,女,78,其他(無需使用保護裝備之人),非駕駛人,車的狀態,其他,其他,非汽(機)車,,,駕駛人,違反號誌管制或指揮,否
臺東縣臺東市吉林路181巷32號前0.0公尺,晴,日間自然光線,市區道路,30,單路部分,直路,路段,一般車道(未劃分快慢車道),柏油,乾燥,無缺陷,無障礙物,良好,良好,無號誌,無號誌,無,無分向設施,未繪設車道線,未繪設快慢車道分隔線,無,人與汽(機)車,衝進路中,行人(或乘客),在道路上嬉戲或奔走不定,死亡1;受傷0,1,人,行人,男,2,其他(無需使用保護裝備之人),非駕駛人,人的狀態,奔跑,其他,非汽(機)車,,,行人(或乘客),在道路上嬉戲或奔走不定,否
高雄市橋頭區仕豐路266號前0.0公尺前,晴,日間自然光線,市區道路,40,單路部分,直路,路段,慢車道,柏油,乾燥,無缺陷,無障礙物,良好,良好,無號誌,無號誌,行車分向線,無標記,未繪設車道線,快慢車道分隔線,有,汽(機)車本身,撞路樹、電桿,駕駛人,未注意車前狀態,死亡1;受傷0,1,機車,普通重型,女,73,戴安全帽或繫安全帶(使用幼童安全椅),未使用,車的狀態,向前直行中,機車,前車頭,機車,前車頭,駕駛人,未注意車前狀態,否
彰化縣員林市三條里條和街58號前0.0公尺,晴,日間自然光線,市區道路,50,交岔路,四岔路,交叉路口,交叉路口內,柏油,乾燥,無缺陷,無障礙物,良好,良好,無號誌,無號誌,行車分向線,附標記,未繪設車道線,未繪設快慢車道分隔線,有,車與車,路口交岔撞,駕駛人,未依規定讓車,死亡1;受傷0,1,機車,普通重型,男,69,戴安全帽或繫安全帶(使用幼童安全椅),未使用,車的狀態,向前直行中,機車,右側車身,,,駕駛人,未依規定讓車,否
新北市石碇區新北市石碇區106乙線道路與無名路(國五交流道南下出口處),陰,日間自然光線,市區道路,40,交岔路,三岔路,交叉路口,交叉路口內,柏油,乾燥,無缺陷,無障礙物,良好,良好,行車管制號誌,正常,中央分向島,寛式(50公分以上),未繪設車道線,未繪設快慢車道分隔線,無,車與車,其他,駕駛人,違反號誌管制或指揮,死亡1;受傷0,1,小貨車(含客、貨兩用),自用,男,41,不明,不明,車的狀態,右轉彎,汽車,右側車身,汽車,右側車身,駕駛人,違反號誌管制或指揮,否
臺中市大里區夏田里環河路一段 / 臺中市大里區夏田里中投東路三段,晴,日間自然光線,市區道路,40,交岔路,多岔路,交叉路口,交叉路口內,柏油,乾燥,無缺陷,無障礙物,良好,良好,行車管制號誌(附設行人專用號誌),正常,中央分向島,窄式無柵欄,車道線(無標記),快慢車道分隔線,有,車與車,側撞,駕駛人,未依規定讓車,死亡1;受傷1,1,機車,普通重型,男,58,不明,不明,車的狀態,左轉彎,機車,後車尾,,,駕駛人,未依規定讓車,否
臺北市內湖區環東大道前0.0公尺,陰,夜間(或隧道、地下道、涵洞)有照明,市區道路,60,單路部分,高架道路,路段,一般車道(未劃分快慢車道),柏油,乾燥,無缺陷,無障礙物,不良,彎道,無號誌,無號誌,中央分向島,窄式附柵欄,車道線(無標記),未繪設快慢車道分隔線,無,車與車,對撞,駕駛人,逆向行駛,死亡1;受傷0,1,小客車,自用,女,41,戴安全帽或繫安全帶(使用幼童安全椅),未使用,車的狀態,向前直行中,汽車,前車頭,汽車,前車頭,駕駛人,逆向行駛,否
臺東縣太麻里鄉台9線 394公里800.0公尺處東側,晴,日間自然光線,省道,60,單路部分,直路,路段,一般車道(未劃分快慢車道),柏油,乾燥,無缺陷,無障礙物,良好,良好,無號誌,無號誌,雙向禁止超車線,附標記,未繪設車道線,未繪設快慢車道分隔線,有,汽(機)車本身,撞護欄(樁),駕駛人,未注意車前狀態,死亡1;受傷0,1,小貨車(含客、貨兩用),自用,男,61,戴安全帽或繫安全帶(使用幼童安全椅),未使用,車的狀態,向前直行中,汽車,右前車頭(身),,,駕駛人,未注意車前狀態,否
臺中市烏日區九德里中山路一段164號前0.0公尺,晴,日間自然光線,市區道路,60,單路部分,直路,路段,路肩、路緣,柏油,乾燥,無缺陷,無障礙物,良好,良好,無號誌,無號誌,中央分向島,寛式(50公分以上),車道線(無標記),未繪設快慢車道分隔線,有,車與車,其他,駕駛人,未注意車前狀態,死亡1;受傷0,1,機車,普通重型,男,70,戴安全帽或繫安全帶(使用幼童安全椅),未使用,車的狀態,向前直行中,機車,前車頭,,,駕駛人,未注意車前狀態,否
苗栗縣苑裡鎮福田里5鄰52之7號往南100公尺,晴,日間自然光線,村里道路,30,單路部分,直路,路段,一般車道(未劃分快慢車道),柏油,乾燥,無缺陷,無障礙物,良好,良好,無號誌,無號誌,無,無分向設施,未繪設車道線,未繪設快慢車道分隔線,有,汽(機)車本身,路上翻車、摔倒,裝載,其他裝載不當肇事,死亡1;受傷0,1,機車,普通重型,男,69,戴安全帽或繫安全帶(使用幼童安全椅),未使用,車的狀態,向前直行中,機車,前車頭,機車,前車頭,裝載,其他裝載不當肇事,否
桃園市蘆竹區南崁路二段口 / 桃園市蘆竹區南工路口,晴,日間自然光線,市區道路,50,交岔路,四岔路,交叉路口,交叉口附近,柏油,乾燥,無缺陷,無障礙物,良好,良好,行車管制號誌(附設行人專用號誌),正常,無,無分向設施,未繪設車道線,未繪設快慢車道分隔線,無,車與車,同向擦撞,駕駛人,爭(搶)道行駛,死亡1;受傷0,1,慢車,腳踏自行車,男,80,其他(無需使用保護裝備之人),未使用,車的狀態,向前直行中,其他,非汽(機)車,,,駕駛人,爭(搶)道行駛,否
宜蘭縣冬山鄉冬山路1段236號前0.0公尺附近,晴,日間自然光線,其他,70,單路部分,直路,路段,快車道,柏油,乾燥,無缺陷,無障礙物,良好,良好,無號誌,無號誌,中央分向島,寛式(50公分以上),車道線(無標記),快慢車道分隔線,有,車與車,其他,駕駛人,變換車道或方向不當,死亡1;受傷0,1,機車,普通重型,男,86,戴安全帽或繫安全帶(使用幼童安全椅),未使用,車的狀態,向左變換車道,機車,左側車身,,,駕駛人,變換車道或方向不當,否
彰化縣大城鄉菜寮村東平路前0.0公尺,晴,日間自然光線,村里道路,30,交岔路,四岔路,交叉路口,交叉路口內,柏油,乾燥,無缺陷,無障礙物,良好,良好,無號誌,無號誌,無,無分向設施,未繪設車道線,未繪設快慢車道分隔線,無,車與車,路口交岔撞,駕駛人,未依規定讓車,死亡1;受傷0,1,大貨車,營業用,男,62,戴安全帽或繫安全帶(使用幼童安全椅),未使用,車的狀態,向前直行中,汽車,前車頭,,,駕駛人,未依規定讓車,否
南投縣南投市民族路160號,晴,日間自然光線,市區道路,50,交岔路,四岔路,交叉路口,交叉口附近,柏油,乾燥,無缺陷,無障礙物,良好,良好,行車管制號誌,正常,雙向禁止超車線,無標記,車道線(無標記),未繪設快慢車道分隔線,有,車與車,側撞,駕駛人,違反特定標誌(線)禁制,死亡1;受傷1,1,機車,普通重型,男,75,戴安全帽或繫安全帶(使用幼童安全椅),未使用,車的狀態,左轉彎,機車,右側車身,,,駕駛人,違反特定標誌(線)禁制,否
屏東縣屏東市自由路口 / 屏東縣屏東市仁愛路,晴,夜間(或隧道、地下道、涵洞)有照明,市區道路,50,交岔路,四岔路,交叉路口,交叉路口內,柏油,乾燥,無缺陷,無障礙物,良好,良好,行車管制號誌,正常,雙向禁止超車線,無標記,未繪設車道線,快慢車道分隔線,有,人與汽(機)車,穿越道路中,駕駛人,未注意車前狀態,死亡1;受傷0,1,小客車,自用,男,20,戴安全帽或繫安全帶(使用幼童安全椅),未使用,車的狀態,左轉彎,汽車,前車頭,,,駕駛人,未注意車前狀態,否
新竹市北區中清路1段262-3號,晴,日間自然光線,市區道路,40,單路部分,彎曲路及附近,路段,一般車道(未劃分快慢車道),柏油,乾燥,無缺陷,無障礙物,良好,良好,無號誌,無號誌,行車分向線,無標記,未繪設車道線,未繪設快慢車道分隔線,有,汽(機)車本身,路上翻車、摔倒,其他,其他引起事故之違規或不當行為,死亡1;受傷0,1,機車,普通重型,男,25,戴安全帽或繫安全帶(使用幼童安全椅),不明,車的狀態,向前直行中,機車,前車頭,,,其他,其他引起事故之違規或不當行為,否
苗栗縣造橋鄉龍昇村台1線105公里處附近,晴,日間自然光線,省道,70,交岔路,四岔路,交叉路口,交叉口附近,柏油,乾燥,無缺陷,無障礙物,良好,良好,閃光號誌,正常,中央分向島,寛式(50公分以上),未繪設車道線,未繪設快慢車道分隔線,有,車與車,對向擦撞,駕駛人,未依規定讓車,死亡1;受傷1,1,曳引車,自用,男,70,戴安全帽或繫安全帶(使用幼童安全椅),未使用,車的狀態,左轉彎,汽車,右側車身,,,駕駛人,未依規定讓車,否
臺中市烏日區溪壩里溪南路一段156號前0.0公尺,晴,日間自然光線,市區道路,50,單路部分,直路,路段,快車道,柏油,乾燥,無缺陷,無障礙物,良好,良好,無號誌,無號誌,雙向禁止超車線,附標記,車道線(無標記),未繪設快慢車道分隔線,有,車與車,側撞,駕駛人,迴轉未依規定,死亡1;受傷0,1,小客車,自用,男,31,戴安全帽或繫安全帶(使用幼童安全椅),未使用,車的狀態,迴轉或橫越道路中,汽車,左側車身,,,駕駛人,迴轉未依規定,否
臺北市文山區興隆路4段 / 臺北市文山區興隆路4段,雨,日間自然光線,市區道路,50,交岔路,四岔路,交叉路口,交叉口附近,柏油,濕潤,無缺陷,無障礙物,良好,良好,無號誌,無號誌,中央分向島,寛式(50公分以上),未繪設車道線,寛式快慢車道分隔島(50公分以上),無,人與汽(機)車,其他,其他,不明原因肇事,死亡1;受傷0,1,大客車,民營公車,男,37,不明,不明,車的狀態,向前直行中,其他,不明,其他,不明,其他,不明原因肇事,否
新竹縣竹北市堤頂街上分6支7電桿(系統無此路段),陰,日間自然光線,市區道路,50,交岔路,三岔路,交叉路口,交叉路口內,柏油,乾燥,無缺陷,無障礙物,良好,良好,無號誌,無號誌,雙向禁止超車線,無標記,未繪設車道線,未繪設快慢車道分隔線,有,車與車,追撞,駕駛人,酒醉(後)駕駛失控,死亡1;受傷1,1,機車,普通重型,男,66,戴安全帽或繫安全帶(使用幼童安全椅),未使用,車的狀態,向前直行中,機車,前車頭,,,駕駛人,酒醉(後)駕駛失控,否
嘉義縣布袋鎮龍江里台61線270公里200公尺處南下側車道,雨,夜間(或隧道、地下道、涵洞)有照明,省道,50,交岔路,三岔路,交叉路口,交叉口附近,柏油,濕潤,無缺陷,無障礙物,良好,良好,無號誌,無號誌,無,無分向設施,車道線(無標記),未繪設快慢車道分隔線,有,車與車,其他,其他,不明原因肇事,死亡1;受傷0,1,,,肇事逃逸尚未查獲,-1,,,,,,,,,其他,不明原因肇事,是
臺東縣關山鎮崁頂121號前,雨,夜間(或隧道、地下道、涵洞)有照明,省道,60,單路部分,直路,路段,快車道,柏油,濕潤,無缺陷,無障礙物,良好,良好,無號誌,無號誌,行車分向線,附標記,未繪設車道線,快慢車道分隔線,有,人與汽(機)車,穿越道路中,駕駛人,未注意車前狀態,死亡1;受傷1,1,小貨車(含客、貨兩用),自用,男,47,戴安全帽或繫安全帶(使用幼童安全椅),未使用,車的狀態,向前直行中,汽車,左前車頭(身),,,駕駛人,未注意車前狀態,是
苗栗縣苗栗市建功里中山路187號前0.0公尺,雨,夜間(或隧道、地下道、涵洞)有照明,市區道路,50,單路部分,直路,路段,一般車道(未劃分快慢車道),柏油,濕潤,無缺陷,無障礙物,良好,良好,無號誌,無號誌,無,無分向設施,車道線(無標記),未繪設快慢車道分隔線,有,車與車,其他,其他,其他引起事故之違規或不當行為,死亡1;受傷1,1,慢車,腳踏自行車,男,64,不明,不明,人的狀態,不明,其他,非汽(機)車,,,其他,其他引起事故之違規或不當行為,否
新竹市香山區西濱快速道路與高濱路口,雨,夜間(或隧道、地下道、涵洞)有照明,其他,80,交岔路,三岔路,交叉路口,交叉路口內,柏油,濕潤,無缺陷,無障礙物,良好,良好,行車管制號誌,正常,無,無分向設施,未繪設車道線,未繪設快慢車道分隔線,無,車與車,側撞,駕駛人,違反號誌管制或指揮,死亡1;受傷0,1,機車,普通重型,男,27,不明,不明,車的狀態,向前直行中,機車,左側車身,,,駕駛人,違反號誌管制或指揮,否
桃園市楊梅區楊湖路一段口 / 桃園市楊梅區楊湖路一段口,陰,日間自然光線,市區道路,30,交岔路,四岔路,交叉路口,交叉路口內,柏油,乾燥,無缺陷,無障礙物,良好,良好,無號誌,無號誌,無,無分向設施,未繪設車道線,未繪設快慢車道分隔線,無,車與車,路口交岔撞,駕駛人,未依規定讓車,死亡1;受傷0,1,機車,普通重型,女,67,戴安全帽或繫安全帶(使用幼童安全椅),未使用,車的狀態,向前直行中,機車,右側車身,,,駕駛人,未依規定讓車,否
彰化縣伸港鄉海尾村中興路2段 / 彰化縣伸港鄉海尾村海尾路,晴,日間自然光線,村里道路,50,單路部分,直路,路段,一般車道(未劃分快慢車道),柏油,乾燥,無缺陷,無障礙物,良好,良好,無號誌,無號誌,雙向禁止超車線,無標記,車道線(無標記),未繪設快慢車道分隔線,有,車與車,側撞,駕駛人,變換車道或方向不當,死亡1;受傷0,1,機車,普通重型,男,67,戴安全帽或繫安全帶(使用幼童安全椅),未使用,車的狀態,向左變換車道,機車,左側車身,,,駕駛人,變換車道或方向不當,否
屏東縣內埔鄉竹山路99號前,雨,夜間(或隧道、地下道、涵洞)有照明,村里道路,40,交岔路,三岔路,交叉路口,交叉口附近,柏油,濕潤,無缺陷,無障礙物,良好,良好,無號誌,無號誌,無,無分向設施,未繪設車道線,未繪設快慢車道分隔線,有,汽(機)車本身,撞橋樑、建築物,駕駛人,未注意車前狀態,死亡1;受傷0,1,機車,普通重型,男,16,戴安全帽或繫安全帶(使用幼童安全椅),未使用,車的狀態,向前直行中,機車,前車頭,,,駕駛人,未注意車前狀態,否
新北市板橋區中山路1段252號前0.0公尺,晴,夜間(或隧道、地下道、涵洞)有照明,市區道路,50,單路部分,直路,路段,一般車道(未劃分快慢車道),柏油,乾燥,無缺陷,無障礙物,良好,良好,無號誌,無號誌,雙向禁止超車線,無標記,車道線(無標記),未繪設快慢車道分隔線,有,車與車,追撞,駕駛人,未注意車前狀態,死亡1;受傷0,1,機車,普通重型,男,12,戴安全帽或繫安全帶(使用幼童安全椅),不明,車的狀態,向前直行中,機車,前車頭,機車,前車頭,駕駛人,未注意車前狀態,否
新北市新店區新北市新店區灣潭路與灣潭路21號,陰,晨或暮光,村里道路,30,交岔路,三岔路,交叉路口,交叉路口內,柏油,濕潤,無缺陷,無障礙物,良好,良好,無號誌,無號誌,無,無分向設施,未繪設車道線,未繪設快慢車道分隔線,無,人與汽(機)車,同向通行中,駕駛人,未注意車前狀態,死亡1;受傷0,1,小貨車(含客、貨兩用),自用,男,61,戴安全帽或繫安全帶(使用幼童安全椅),未使用,車的狀態,左轉彎,汽車,左側車身,汽車,左側車身,駕駛人,未注意車前狀態,否