發生地點,天候名稱,光線名稱,道路類別-第1當事者-名稱,速限-第1當事者,道路型態大類別名稱,道路型態子類別名稱,事故位置大類別名稱,事故位置子類別名稱,路面狀況-路面鋪裝名稱,路面狀況-路面狀態名稱,路面狀況-路面缺陷名稱,道路障礙-障礙物名稱,道路障礙-視距品質名稱,道路障礙-視距名稱,號誌-號誌種類名稱,號誌-號誌動作名稱,車道劃分設施-分向設施大類別名稱,車道劃分設施-分向設施子類別名稱,車道劃分設施-分道設施-快車道或一般車道間名稱,車道劃分設施-分道設施-快慢車道間名稱,車道劃分設施-分道設施-路面邊線名稱,事故類型及型態大類別名稱,事故類型及型態子類別名稱,肇因研判大類別名稱-主要,肇因研判子類別名稱-主要,死亡受傷人數,當事者順位,當事者區分-類別-大類別名稱-車種,當事者區分-類別-子類別名稱-車種,當事者屬-性-別名稱,當事者事故發生時年齡,保護裝備名稱,行動電話或電腦或其他相類功能裝置名稱,當事者行動狀態大類別名稱,當事者行動狀態子類別名稱,車輛撞擊部位大類別名稱-最初,車輛撞擊部位子類別名稱-最初,車輛撞擊部位大類別名稱-其他,車輛撞擊部位子類別名稱-其他,肇因研判大類別名稱-個別,肇因研判子類別名稱-個別,肇事逃逸類別名稱-是否肇逃
花蓮縣瑞穗鄉中正北路3段238-25號前0.0公尺附近,晴,夜間(或隧道、地下道、涵洞)有照明,省道,70,交岔路,三岔路,交叉路口,交叉路口內,柏油,乾燥,無缺陷,無障礙物,良好,良好,閃光號誌,正常,無,無分向設施,未繪設車道線,未繪設快慢車道分隔線,無,汽(機)車本身,撞號誌、標誌桿,駕駛人,酒醉(後)駕駛失控,死亡1;受傷0,1,機車,普通輕型,女,39,戴安全帽或繫安全帶(使用幼童安全椅),未使用,車的狀態,向前直行中,機車,前車頭,,,駕駛人,酒醉(後)駕駛失控,否
彰化縣伸港鄉海尾村中興路3段前0.0公尺,陰,晨或暮光,村里道路,60,單路部分,高架道路,路段,路肩、路緣,柏油,乾燥,無缺陷,無障礙物,良好,良好,無號誌,無號誌,雙向禁止超車線,無標記,禁止變換車道線(無標記),未繪設快慢車道分隔線,有,汽(機)車本身,撞橋樑、建築物,其他,不明原因肇事,死亡1;受傷0,1,機車,普通重型,男,66,戴安全帽或繫安全帶(使用幼童安全椅),未使用,車的狀態,向前直行中,機車,前車頭,,,其他,不明原因肇事,否
新北市中和區新北市中和區和城路1段077358燈桿,晴,日間自然光線,市區道路,50,單路部分,直路,路段,一般車道(未劃分快慢車道),柏油,乾燥,無缺陷,無障礙物,良好,良好,無號誌,無號誌,中央分向島,寛式(50公分以上),車道線(無標記),未繪設快慢車道分隔線,無,車與車,同向擦撞,駕駛人,未注意車前狀態,死亡1;受傷0,1,機車,普通重型,男,34,戴安全帽或繫安全帶(使用幼童安全椅),未使用,車的狀態,向前直行中,機車,右側車身,機車,右側車身,駕駛人,未注意車前狀態,否
臺中市北區錦祥里進化路 / 臺中市北區錦祥里天祥街,陰,日間自然光線,市區道路,50,交岔路,四岔路,其他,行人穿越道,柏油,乾燥,無缺陷,無障礙物,良好,良好,行車管制號誌(附設行人專用號誌),正常,無,無分向設施,未繪設車道線,未繪設快慢車道分隔線,無,人與汽(機)車,穿越道路中,駕駛人,搶越行人穿越道,死亡1;受傷0,1,小貨車(含客、貨兩用),自用,男,56,戴安全帽或繫安全帶(使用幼童安全椅),未使用,車的狀態,左轉彎,汽車,前車頭,,,駕駛人,搶越行人穿越道,否
桃園市新屋區赤欄里中山西路2段233號前0.0公尺附近,雨,日間自然光線,市區道路,60,單路部分,直路,路段,一般車道(未劃分快慢車道),柏油,濕潤,無缺陷,無障礙物,良好,良好,無號誌,無號誌,雙向禁止超車線,附標記,車道線(無標記),未繪設快慢車道分隔線,有,車與車,其他,駕駛人,未注意車前狀態,死亡1;受傷0,1,機車,普通重型,女,69,戴安全帽或繫安全帶(使用幼童安全椅),未使用,車的狀態,向前直行中,機車,前車頭,,,駕駛人,未注意車前狀態,否
臺南市鹽水區竹林里無名道路蜈蜞高幹31N0146FE97電桿前,晴,日間自然光線,市區道路,30,交岔路,四岔路,交叉路口,交叉路口內,柏油,乾燥,無缺陷,無障礙物,良好,良好,無號誌,無號誌,無,無分向設施,未繪設車道線,未繪設快慢車道分隔線,無,車與車,路口交岔撞,駕駛人,未依規定讓車,死亡1;受傷0,1,小客車,自用,男,48,戴安全帽或繫安全帶(使用幼童安全椅),未使用,車的狀態,向前直行中,汽車,右前車頭(身),,,駕駛人,未依規定讓車,否
臺南市鹽水區坔頭港里坔頭港200-55號前0.0公尺附近,晴,日間自然光線,市區道路,30,單路部分,直路,路段,一般車道(未劃分快慢車道),柏油,乾燥,無缺陷,無障礙物,良好,良好,無號誌,無號誌,無,無分向設施,未繪設車道線,未繪設快慢車道分隔線,無,汽(機)車本身,撞路樹、電桿,其他,不明原因肇事,死亡1;受傷0,1,機車,普通重型,女,73,未戴案全帽或未繫安全帶(未使用幼童安全椅),未使用,車的狀態,向前直行中,機車,前車頭,,,其他,不明原因肇事,否
臺南市七股區大埕里大埕176公路8公里處,晴,日間自然光線,市區道路,60,交岔路,三岔路,交叉路口,交叉路口內,柏油,乾燥,無缺陷,無障礙物,良好,良好,無號誌,無號誌,行車分向線,無標記,未繪設車道線,未繪設快慢車道分隔線,有,車與車,側撞,駕駛人,未依規定讓車,死亡1;受傷0,1,機車,普通重型,男,82,戴安全帽或繫安全帶(使用幼童安全椅),未使用,車的狀態,左轉彎,機車,左側車身,,,駕駛人,未依規定讓車,否
彰化縣員林市萬年里員集路2段386弄前0.0公尺,晴,夜間(或隧道、地下道、涵洞)有照明,市區道路,50,單路部分,直路,路段,一般車道(未劃分快慢車道),柏油,乾燥,無缺陷,無障礙物,良好,良好,無號誌,無號誌,行車分向線,無標記,車道線(無標記),未繪設快慢車道分隔線,有,汽(機)車本身,撞路樹、電桿,駕駛人,酒醉(後)駕駛失控,死亡1;受傷0,1,機車,普通重型,男,41,不明,不明,車的狀態,向前直行中,機車,右側車身,,,駕駛人,酒醉(後)駕駛失控,否
新北市板橋區新北市板橋區新海橋路往新莊P010412桿,晴,夜間(或隧道、地下道、涵洞)有照明,市區道路,50,單路部分,橋樑,路段,一般車道(未劃分快慢車道),柏油,乾燥,無缺陷,無障礙物,良好,良好,無號誌,無號誌,中央分向島,寛式(50公分以上),未繪設車道線,未繪設快慢車道分隔線,無,人與汽(機)車,其他,駕駛人,未注意車前狀態,死亡1;受傷0,1,小貨車(含客、貨兩用),自用,男,38,戴安全帽或繫安全帶(使用幼童安全椅),未使用,車的狀態,向前直行中,汽車,前車頭,汽車,前車頭,駕駛人,未注意車前狀態,否
彰化縣永靖鄉竹子村竹中巷21號前0.0公尺,晴,日間自然光線,村里道路,40,交岔路,三岔路,交叉路口,交叉路口內,柏油,乾燥,無缺陷,無障礙物,良好,良好,無號誌,無號誌,行車分向線,無標記,未繪設車道線,未繪設快慢車道分隔線,有,車與車,側撞,駕駛人,左轉彎未依規定,死亡1;受傷1,1,機車,普通重型,男,74,戴安全帽或繫安全帶(使用幼童安全椅),未使用,車的狀態,左轉彎,機車,左側車身,,,駕駛人,左轉彎未依規定,否
桃園市桃園區慈德街118號前0.0公尺附近,晴,日間自然光線,市區道路,30,單路部分,直路,路段,一般車道(未劃分快慢車道),柏油,乾燥,無缺陷,無障礙物,良好,良好,無號誌,無號誌,無,無分向設施,未繪設車道線,未繪設快慢車道分隔線,有,人與汽(機)車,同向通行中,駕駛人,起步未注意其他車(人)安全,死亡1;受傷0,1,小客車,自用,男,67,戴安全帽或繫安全帶(使用幼童安全椅),未使用,車的狀態,起步,汽車,左前車頭(身),,,駕駛人,起步未注意其他車(人)安全,否
彰化縣彰化市中庄里中山路3段 / 彰化縣彰化市中庄里台化街,晴,夜間(或隧道、地下道、涵洞)有照明,市區道路,50,單路部分,直路,路段,一般車道(未劃分快慢車道),柏油,乾燥,無缺陷,無障礙物,良好,良好,無號誌,無號誌,中央分向島,窄式無柵欄,車道線(無標記),未繪設快慢車道分隔線,有,車與車,側撞,其他,其他引起事故之違規或不當行為,死亡1;受傷0,1,小客車,自用,男,59,戴安全帽或繫安全帶(使用幼童安全椅),未使用,車的狀態,向右變換車道,汽車,右後車尾(身),,,其他,其他引起事故之違規或不當行為,否
雲林縣土庫鎮埤腳里扶朝210號旁路口,晴,日間自然光線,村里道路,30,交岔路,四岔路,交叉路口,交叉路口內,柏油,乾燥,無缺陷,無障礙物,良好,良好,無號誌,無號誌,無,無分向設施,未繪設車道線,未繪設快慢車道分隔線,無,車與車,路口交岔撞,駕駛人,未依規定讓車,死亡1;受傷0,1,小客車,自用,男,70,戴安全帽或繫安全帶(使用幼童安全椅),未使用,車的狀態,向前直行中,汽車,右前車頭(身),,,駕駛人,未依規定讓車,否
彰化縣田中鎮新庄里中山街 / 彰化縣田中鎮新庄里中南路3段,晴,日間自然光線,村里道路,50,交岔路,四岔路,交叉路口,交叉路口內,柏油,乾燥,無缺陷,無障礙物,良好,良好,無號誌,無號誌,無,無分向設施,未繪設車道線,未繪設快慢車道分隔線,無,車與車,側撞,駕駛人,未依規定讓車,死亡1;受傷0,1,小客車,自用,男,34,不明,不明,車的狀態,向前直行中,汽車,右側車身,,,駕駛人,未依規定讓車,否
新北市貢寮區新北市貢寮區丹裡街36號之1(102甲線7.3K),陰,日間自然光線,市區道路,40,單路部分,彎曲路及附近,路段,一般車道(未劃分快慢車道),柏油,濕潤,無缺陷,無障礙物,良好,良好,無號誌,無號誌,雙向禁止超車線,無標記,未繪設車道線,未繪設快慢車道分隔線,有,汽(機)車本身,路上翻車、摔倒,其他,不明原因肇事,死亡1;受傷1,1,機車,普通重型,男,13,未戴案全帽或未繫安全帶(未使用幼童安全椅),未使用,車的狀態,向前直行中,機車,前車頭,機車,前車頭,其他,不明原因肇事,否
基隆市安樂區基金一路97號前0.0公尺,晴,夜間(或隧道、地下道、涵洞)有照明,市區道路,50,單路部分,彎曲路及附近,路段,一般車道(未劃分快慢車道),柏油,乾燥,無缺陷,無障礙物,良好,良好,無號誌,無號誌,中央分向島,寛式(50公分以上),車道線(無標記),未繪設快慢車道分隔線,無,汽(機)車本身,撞護欄(樁),駕駛人,酒醉(後)駕駛失控,死亡1;受傷0,1,機車,普通重型,男,58,戴安全帽或繫安全帶(使用幼童安全椅),未使用,車的狀態,向前直行中,機車,左側車身,機車,左側車身,駕駛人,酒醉(後)駕駛失控,否
臺中市北區梅亭街口 / 臺中市北區健行路口,晴,日間自然光線,市區道路,50,交岔路,四岔路,交叉路口,交叉路口內,柏油,乾燥,無缺陷,路上有停車,良好,良好,無號誌,無號誌,行車分向線,無標記,未繪設車道線,未繪設快慢車道分隔線,無,車與車,其他,其他,不明原因肇事,死亡1;受傷1,1,機車,普通重型,男,22,戴安全帽或繫安全帶(使用幼童安全椅),未使用,車的狀態,超車(含超越),機車,前車頭,,,其他,不明原因肇事,否
高雄市茄萣區正大路崎漏1010燈桿號前0.0公尺,晴,日間自然光線,市區道路,30,單路部分,彎曲路及附近,路段,慢車道,柏油,乾燥,無缺陷,無障礙物,良好,良好,無號誌,無號誌,中央分向島,寛式(50公分以上),禁止變換車道線(附標記),快慢車道分隔線,有,車與車,側撞,駕駛人,未保持行車安全間隔,死亡1;受傷0,1,曳引車,營業用,男,44,戴安全帽或繫安全帶(使用幼童安全椅),未使用,車的狀態,右轉彎,汽車,右前車頭(身),汽車,右前車頭(身),駕駛人,未保持行車安全間隔,是
桃園市龍潭區龍源路294號前0.0公尺附近,晴,日間自然光線,市區道路,60,單路部分,彎曲路及附近,路段,一般車道(未劃分快慢車道),柏油,乾燥,無缺陷,無障礙物,良好,良好,無號誌,無號誌,中央分向島,寛式(50公分以上),車道線(無標記),未繪設快慢車道分隔線,有,汽(機)車本身,撞交通島,駕駛人,未依規定減速,死亡1;受傷1,1,機車,大型重型2(250-550C.C.),男,41,戴安全帽或繫安全帶(使用幼童安全椅),未使用,車的狀態,向前直行中,機車,前車頭,,,駕駛人,未依規定減速,否
苗栗縣三灣鄉大河村台三線103.6公里北上內側車道,晴,日間自然光線,省道,60,單路部分,彎曲路及附近,路段,一般車道(未劃分快慢車道),柏油,乾燥,無缺陷,無障礙物,良好,良好,無號誌,無號誌,雙向禁止超車線,附標記,車道線(無標記),未繪設快慢車道分隔線,有,車與車,對撞,駕駛人,未依規定減速,死亡1;受傷0,1,機車,普通重型,男,16,戴安全帽或繫安全帶(使用幼童安全椅),未使用,車的狀態,向前直行中,機車,後車尾,,,駕駛人,未依規定減速,否
雲林縣水林鄉大溝村164公路(水林179-3號電桿)前,晴,夜間(或隧道、地下道、涵洞)有照明,縣道,60,單路部分,彎曲路及附近,路段,一般車道(未劃分快慢車道),柏油,乾燥,無缺陷,無障礙物,良好,良好,無號誌,無號誌,行車分向線,無標記,車道線(無標記),未繪設快慢車道分隔線,有,車與車,追撞,駕駛人,未注意車前狀態,死亡1;受傷0,1,小貨車(含客、貨兩用),自用,男,34,戴安全帽或繫安全帶(使用幼童安全椅),不明,車的狀態,向前直行中,汽車,右前車頭(身),,,駕駛人,未注意車前狀態,否
嘉義縣布袋鎮新民里台61線275公里400公尺處,晴,夜間(或隧道、地下道、涵洞)無照明,省道,90,單路部分,直路,路段,快車道,柏油,乾燥,無缺陷,無障礙物,良好,良好,無號誌,無號誌,中央分向島,窄式附柵欄,車道線(附標記),未繪設快慢車道分隔線,有,車與車,追撞,其他,拋錨未採安全措施,死亡1;受傷0,1,全聯結車,營業用,男,28,戴安全帽或繫安全帶(使用幼童安全椅),未使用,車的狀態,靜止(引擎熄火),汽車,左後車尾(身),,,其他,拋錨未採安全措施,否
花蓮縣吉安鄉慶豐四街口 / 花蓮縣吉安鄉慶南三街,晴,日間自然光線,村里道路,40,交岔路,四岔路,交叉路口,交叉路口內,柏油,乾燥,無缺陷,無障礙物,良好,良好,無號誌,無號誌,無,無分向設施,未繪設車道線,未繪設快慢車道分隔線,無,車與車,路口交岔撞,駕駛人,未依規定讓車,死亡1;受傷0,1,小客車,自用,女,35,戴安全帽或繫安全帶(使用幼童安全椅),未使用,車的狀態,向前直行中,汽車,前車頭,,,駕駛人,未依規定讓車,否
臺南市麻豆區安正里番寮高幹21左5號電桿前路口,晴,日間自然光線,市區道路,30,交岔路,四岔路,交叉路口,交叉路口內,柏油,乾燥,無缺陷,無障礙物,良好,良好,無號誌,無號誌,無,無分向設施,未繪設車道線,未繪設快慢車道分隔線,無,車與車,路口交岔撞,駕駛人,未依規定讓車,死亡1;受傷0,1,大貨車,自用,男,67,戴安全帽或繫安全帶(使用幼童安全椅),未使用,車的狀態,向前直行中,汽車,前車頭,,,駕駛人,未依規定讓車,否
新竹市東區公道五路三段，公道五路橋上(路燈燈桿146270)),晴,日間自然光線,市區道路,40,單路部分,直路,路段,機車專用道,柏油,乾燥,無缺陷,無障礙物,良好,良好,無號誌,無號誌,中央分向島,寛式(50公分以上),車道線(附標記),寛式快慢車道分隔島(50公分以上),無,車與車,追撞,駕駛人,未注意車前狀態,死亡1;受傷0,1,機車,普通重型,男,42,不明,不明,車的狀態,向前直行中,機車,前車頭,,,駕駛人,未注意車前狀態,否
高雄市左營區天祥二路 / 高雄市左營區天祥二路,晴,日間自然光線,市區道路,50,交岔路,三岔路,交叉路口,交叉路口內,柏油,乾燥,無缺陷,無障礙物,良好,良好,行車管制號誌,正常,中央分向島,寛式(50公分以上),車道線(無標記),未繪設快慢車道分隔線,無,車與車,側撞,駕駛人,左轉彎未依規定,死亡1;受傷0,1,機車,普通重型,女,71,戴安全帽或繫安全帶(使用幼童安全椅),未使用,車的狀態,左轉彎,機車,左側車身,機車,左側車身,駕駛人,左轉彎未依規定,否
新竹縣新埔鎮縣115線 20公里,晴,夜間(或隧道、地下道、涵洞)有照明,縣道,50,單路部分,彎曲路及附近,路段,快車道,柏油,乾燥,無缺陷,無障礙物,良好,良好,無號誌,無號誌,雙向禁止超車線,附標記,車道線(無標記),快慢車道分隔線,有,汽(機)車本身,撞路樹、電桿,其他,其他引起事故之違規或不當行為,死亡2;受傷0,1,機車,普通重型,男,18,戴安全帽或繫安全帶(使用幼童安全椅),未使用,車的狀態,左轉彎,其他,不明,,,其他,其他引起事故之違規或不當行為,否
新北市淡水區民權路口 / 新北市淡水區民族路口,晴,夜間(或隧道、地下道、涵洞)有照明,市區道路,50,交岔路,三岔路,交叉路口,交叉口附近,柏油,乾燥,無缺陷,道路工事(程)中,良好,良好,行車管制號誌,正常,中央分向島,窄式無柵欄,車道線(附標記),快慢車道分隔線,無,人與汽(機)車,在路上作業中,駕駛人,酒醉(後)駕駛失控,死亡1;受傷2,1,小客車,自用,女,29,戴安全帽或繫安全帶(使用幼童安全椅),未使用,車的狀態,向前直行中,汽車,前車頭,汽車,前車頭,駕駛人,酒醉(後)駕駛失控,否
雲林縣元長鄉山內村古松26之21號旁,晴,夜間(或隧道、地下道、涵洞)有照明,村里道路,50,單路部分,直路,其他,其他,柏油,乾燥,無缺陷,無障礙物,良好,良好,無號誌,無號誌,中央分向島,寛式(50公分以上),車道線(無標記),快慢車道分隔線,有,汽(機)車本身,衝出路外,駕駛人,未注意車前狀態,死亡1;受傷0,1,小客車,自用,男,41,不明,不明,車的狀態,向前直行中,汽車,前車頭,,,駕駛人,未注意車前狀態,否
屏東縣萬丹鄉厦北村河堤北路68號前0.0公尺,晴,日間自然光線,村里道路,40,單路部分,直路,路段,慢車道,柏油,乾燥,無缺陷,無障礙物,良好,良好,無號誌,無號誌,中央分向島,寛式(50公分以上),禁止變換車道線(無標記),窄式快慢車道分隔島(附柵欄),有,汽(機)車本身,撞護欄(樁),駕駛人,未注意車前狀態,死亡1;受傷0,1,機車,普通重型,男,40,戴安全帽或繫安全帶(使用幼童安全椅),未使用,車的狀態,向前直行中,機車,左側車身,,,駕駛人,未注意車前狀態,否
屏東縣枋寮鄉中山路154-1號前0.0公尺,晴,日間自然光線,村里道路,50,交岔路,三岔路,交叉路口,交叉路口內,柏油,乾燥,無缺陷,無障礙物,良好,良好,無號誌,無號誌,行車分向線,無標記,未繪設車道線,未繪設快慢車道分隔線,有,車與車,側撞,駕駛人,起步未注意其他車(人)安全,死亡1;受傷0,1,小貨車(含客、貨兩用),自用,男,61,戴安全帽或繫安全帶(使用幼童安全椅),未使用,車的狀態,起步,汽車,左前車頭(身),,,駕駛人,起步未注意其他車(人)安全,否
高雄市大寮區興隆路 / 高雄市大寮區東隆街,晴,日間自然光線,市區道路,30,交岔路,四岔路,交叉路口,交叉路口內,柏油,乾燥,無缺陷,無障礙物,良好,良好,無號誌,無號誌,無,無分向設施,未繪設車道線,未繪設快慢車道分隔線,無,車與車,路口交岔撞,駕駛人,未依規定讓車,死亡1;受傷0,1,小貨車(含客、貨兩用),自用,男,31,戴安全帽或繫安全帶(使用幼童安全椅),未使用,車的狀態,向前直行中,汽車,右前車頭(身),汽車,右前車頭(身),駕駛人,未依規定讓車,否
彰化縣溪湖鎮湖西里二溪路 / 彰化縣溪湖鎮湖西里大同路,晴,日間自然光線,村里道路,50,交岔路,三岔路,交叉路口,交叉口附近,柏油,乾燥,無缺陷,無障礙物,良好,良好,行車管制號誌(附設行人專用號誌),正常,行車分向線,無標記,車道線(無標記),未繪設快慢車道分隔線,有,車與車,同向擦撞,駕駛人,未注意車前狀態,死亡1;受傷1,1,機車,普通重型,女,19,戴安全帽或繫安全帶(使用幼童安全椅),未使用,車的狀態,向前直行中,機車,前車頭,,,駕駛人,未注意車前狀態,否
雲林縣北港鎮南安里義民路112062號電桿旁,晴,日間自然光線,村里道路,40,單路部分,直路,路段,一般車道(未劃分快慢車道),柏油,乾燥,無缺陷,無障礙物,良好,良好,無號誌,無號誌,雙向禁止超車線,無標記,未繪設車道線,未繪設快慢車道分隔線,有,汽(機)車本身,撞護欄(樁),駕駛人,未注意車前狀態,死亡1;受傷0,1,機車,普通重型,女,63,戴安全帽或繫安全帶(使用幼童安全椅),未使用,車的狀態,向前直行中,機車,前車頭,,,駕駛人,未注意車前狀態,否
彰化縣伸港鄉台61線 167公里40.0公尺處北側向外側,晴,日間自然光線,省道,40,單路部分,直路,路段,慢車道,柏油,乾燥,無缺陷,無障礙物,良好,良好,無號誌,無號誌,無,無分向設施,未繪設車道線,未繪設快慢車道分隔線,有,車與車,倒車撞,駕駛人,倒車未依規定,死亡1;受傷0,1,大貨車,自用,男,33,戴安全帽或繫安全帶(使用幼童安全椅),未使用,車的狀態,倒車,汽車,左後車尾(身),,,駕駛人,倒車未依規定,否
新北市新莊區新北市新莊區中華路3段241422號燈桿處,晴,晨或暮光,市區道路,50,單路部分,直路,路段,一般車道(未劃分快慢車道),柏油,乾燥,無缺陷,無障礙物,良好,良好,無號誌,無號誌,雙向禁止超車線,無標記,車道線(無標記),快慢車道分隔線,有,車與車,同向擦撞,駕駛人,違反特定標誌(線)禁制,死亡1;受傷2,1,機車,普通重型,女,31,戴安全帽或繫安全帶(使用幼童安全椅),未使用,車的狀態,迴轉或橫越道路中,機車,左側車身,機車,左側車身,駕駛人,違反特定標誌(線)禁制,否
高雄市美濃區中正路3段576號前0.0公尺,晴,日間自然光線,市區道路,50,單路部分,直路,路段,一般車道(未劃分快慢車道),柏油,乾燥,無缺陷,無障礙物,良好,良好,無號誌,無號誌,行車分向線,無標記,未繪設車道線,未繪設快慢車道分隔線,有,車與車,側撞,其他,開啟車門不當而肇事,死亡1;受傷0,1,小客車,自用,男,81,不明,不明,車的狀態,靜止(引擎熄火),汽車,左前車頭(身),汽車,左前車頭(身),其他,開啟車門不當而肇事,否
桃園市復興區台7線 13公里附近,晴,日間自然光線,省道,40,單路部分,彎曲路及附近,路段,一般車道(未劃分快慢車道),柏油,乾燥,無缺陷,無障礙物,不良,彎道,無號誌,無號誌,雙向禁止超車線,無標記,禁止變換車道線(無標記),未繪設快慢車道分隔線,有,車與車,對撞,駕駛人,未依規定減速,死亡1;受傷0,1,機車,大型重型1(550C.C.以上),男,38,戴安全帽或繫安全帶(使用幼童安全椅),未使用,車的狀態,向前直行中,機車,前車頭,,,駕駛人,未依規定減速,否
高雄市美濃區中山路2段 / 高雄市美濃區中山路2段,晴,日間自然光線,市區道路,60,交岔路,三岔路,交叉路口,交叉口附近,柏油,乾燥,無缺陷,無障礙物,良好,良好,無號誌,無號誌,雙向禁止超車線,無標記,未繪設車道線,未繪設快慢車道分隔線,有,汽(機)車本身,撞路樹、電桿,駕駛人,未注意車前狀態,死亡1;受傷2,1,小客車,自用,男,71,戴安全帽或繫安全帶(使用幼童安全椅),未使用,車的狀態,向前直行中,汽車,右前車頭(身),汽車,右前車頭(身),駕駛人,未注意車前狀態,否
屏東縣長治鄉中興路口 / 屏東縣長治鄉崑崙路口,晴,日間自然光線,市區道路,50,交岔路,四岔路,交叉路口,交叉路口內,柏油,乾燥,無缺陷,無障礙物,良好,良好,行車管制號誌,正常,中央分向島,寛式(50公分以上),車道線(無標記),未繪設快慢車道分隔線,有,車與車,側撞,駕駛人,左轉彎未依規定,死亡1;受傷0,1,小客車,自用,男,32,戴安全帽或繫安全帶(使用幼童安全椅),未使用,車的狀態,左轉彎,汽車,前車頭,,,駕駛人,左轉彎未依規定,否
苗栗縣三義鄉臺13線55.5公里往南約100公尺處,晴,日間自然光線,村里道路,50,單路部分,直路,路段,一般車道(未劃分快慢車道),柏油,乾燥,無缺陷,無障礙物,良好,良好,無號誌,無號誌,中央分向島,寛式(50公分以上),車道線(無標記),未繪設快慢車道分隔線,有,車與車,同向擦撞,駕駛人,未保持行車安全間隔,死亡1;受傷0,1,半聯結車,自用,男,52,不明,不明,車的狀態,向前直行中,汽車,右側車身,,,駕駛人,未保持行車安全間隔,否
彰化縣埔鹽鄉南港村埔港路前0.0公尺,晴,日間自然光線,村里道路,50,單路部分,直路,路段,一般車道(未劃分快慢車道),柏油,乾燥,無缺陷,無障礙物,良好,良好,無號誌,無號誌,行車分向線,附標記,未繪設車道線,未繪設快慢車道分隔線,有,車與車,其他,其他,拋錨未採安全措施,死亡1;受傷1,1,小貨車(含客、貨兩用),自用,男,56,不明,不明,車的狀態,靜止(引擎熄火),其他,不明,,,其他,拋錨未採安全措施,否
桃園市桃園區大有路63號前0.0公尺,晴,日間自然光線,市區道路,50,單路部分,直路,路段,路肩、路緣,柏油,乾燥,無缺陷,無障礙物,良好,良好,無號誌,無號誌,雙向禁止超車線,無標記,車道線(無標記),未繪設快慢車道分隔線,有,汽(機)車本身,撞路樹、電桿,駕駛人,未注意車前狀態,死亡1;受傷0,1,小客車,自用,男,36,不明,不明,車的狀態,向前直行中,汽車,前車頭,,,駕駛人,未注意車前狀態,否
臺東縣關山鎮台9線 315公里450.0公尺處,晴,日間自然光線,省道,60,交岔路,四岔路,交叉路口,交叉路口內,柏油,乾燥,無缺陷,無障礙物,良好,良好,無號誌,無號誌,無,無分向設施,未繪設車道線,未繪設快慢車道分隔線,無,車與車,側撞,駕駛人,起步未注意其他車(人)安全,死亡1;受傷0,1,機車,普通重型,男,83,戴安全帽或繫安全帶(使用幼童安全椅),未使用,車的狀態,起步,機車,左側車身,,,駕駛人,起步未注意其他車(人)安全,否
臺南市善化區嘉南里178線國3南下匝道口西側,晴,日間自然光線,市區道路,60,單路部分,直路,路段,路肩、路緣,柏油,乾燥,無缺陷,無障礙物,良好,良好,無號誌,無號誌,中央分向島,寛式(50公分以上),車道線(無標記),未繪設快慢車道分隔線,有,汽(機)車本身,路上翻車、摔倒,駕駛人,未注意車前狀態,死亡1;受傷0,1,機車,普通重型,女,23,戴安全帽或繫安全帶(使用幼童安全椅),未使用,車的狀態,向前直行中,其他,不明,,,駕駛人,未注意車前狀態,否
高雄市岡山區岡山路 / 高雄市岡山區嘉新西路,晴,日間自然光線,市區道路,60,交岔路,四岔路,交叉路口,交叉路口內,柏油,乾燥,無缺陷,無障礙物,良好,良好,行車管制號誌,正常,無,無分向設施,未繪設車道線,未繪設快慢車道分隔線,無,車與車,側撞,駕駛人,未依規定讓車,死亡1;受傷0,1,曳引車,營業用,男,27,戴安全帽或繫安全帶(使用幼童安全椅),未使用,車的狀態,右轉彎,汽車,右前車頭(身),汽車,右前車頭(身),駕駛人,未依規定讓車,否
新北市中和區勝利路 / 新北市中和區福祥路,晴,日間自然光線,市區道路,50,交岔路,四岔路,交叉路口,交叉路口內,柏油,乾燥,無缺陷,無障礙物,良好,良好,行車管制號誌,正常,中央分向島,寛式(50公分以上),車道線(無標記),未繪設快慢車道分隔線,有,車與車,側撞,駕駛人,違反號誌管制或指揮,死亡1;受傷1,1,機車,普通重型,男,74,戴安全帽或繫安全帶(使用幼童安全椅),未使用,車的狀態,左轉彎,機車,右側車身,機車,右側車身,駕駛人,違反號誌管制或指揮,否
苗栗縣苗栗市台6線經國路12公里處,晴,日間自然光線,市區道路,70,單路部分,直路,路段,慢車道,柏油,乾燥,無缺陷,無障礙物,良好,良好,無號誌,無號誌,中央分向島,寛式(50公分以上),車道線(無標記),快慢車道分隔線,有,車與車,同向擦撞,其他,其他引起事故之違規或不當行為,死亡1;受傷1,1,機車,大型重型1(550C.C.以上),男,22,戴安全帽或繫安全帶(使用幼童安全椅),未使用,車的狀態,向前直行中,機車,前車頭,,,其他,其他引起事故之違規或不當行為,否