發生地點,天候名稱,光線名稱,道路類別-第1當事者-名稱,速限-第1當事者,道路型態大類別名稱,道路型態子類別名稱,事故位置大類別名稱,事故位置子類別名稱,路面狀況-路面鋪裝名稱,路面狀況-路面狀態名稱,路面狀況-路面缺陷名稱,道路障礙-障礙物名稱,道路障礙-視距品質名稱,道路障礙-視距名稱,號誌-號誌種類名稱,號誌-號誌動作名稱,車道劃分設施-分向設施大類別名稱,車道劃分設施-分向設施子類別名稱,車道劃分設施-分道設施-快車道或一般車道間名稱,車道劃分設施-分道設施-快慢車道間名稱,車道劃分設施-分道設施-路面邊線名稱,事故類型及型態大類別名稱,事故類型及型態子類別名稱,肇因研判大類別名稱-主要,肇因研判子類別名稱-主要,死亡受傷人數,當事者順位,當事者區分-類別-大類別名稱-車種,當事者區分-類別-子類別名稱-車種,當事者屬-性-別名稱,當事者事故發生時年齡,保護裝備名稱,行動電話或電腦或其他相類功能裝置名稱,當事者行動狀態大類別名稱,當事者行動狀態子類別名稱,車輛撞擊部位大類別名稱-最初,車輛撞擊部位子類別名稱-最初,車輛撞擊部位大類別名稱-其他,車輛撞擊部位子類別名稱-其他,肇因研判大類別名稱-個別,肇因研判子類別名稱-個別,肇事逃逸類別名稱-是否肇逃
新北市新店區新北市新店區秀朗橋道路機車道122209號燈桿,晴,夜間(或隧道、地下道、涵洞)有照明,市區道路,40,單路部分,橋樑,路段,機車專用道,柏油,乾燥,無缺陷,無障礙物,良好,良好,無號誌,無號誌,無,無分向設施,未繪設車道線,寛式快慢車道分隔島(50公分以上),無,汽(機)車本身,撞交通島,其他,不明原因肇事,死亡1;受傷0,1,機車,普通重型,女,40,戴安全帽或繫安全帶(使用幼童安全椅),未使用,車的狀態,向前直行中,其他,不明,其他,不明,其他,不明原因肇事,否
臺東縣池上鄉台9線 307公里900.0公尺處,晴,夜間(或隧道、地下道、涵洞)有照明,省道,60,交岔路,三岔路,交叉路口,交叉口附近,柏油,乾燥,無缺陷,無障礙物,良好,良好,無號誌,無號誌,雙向禁止超車線,附標記,未繪設車道線,快慢車道分隔線,有,車與車,追撞,駕駛人,未注意車前狀態,死亡1;受傷1,1,半聯結車,營業用,男,50,戴安全帽或繫安全帶(使用幼童安全椅),未使用,車的狀態,向前直行中,汽車,前車頭,,,駕駛人,未注意車前狀態,否
新北市三峽區新北市三峽區介壽路2段138巷1弄橫溪幹25,晴,日間自然光線,其他,30,單路部分,直路,路段,一般車道(未劃分快慢車道),柏油,乾燥,無缺陷,無障礙物,良好,良好,無號誌,無號誌,無,無分向設施,未繪設車道線,未繪設快慢車道分隔線,有,車與車,對向擦撞,駕駛人,未靠右行駛,死亡1;受傷0,1,機車,普通重型,男,55,未戴案全帽或未繫安全帶(未使用幼童安全椅),未使用,車的狀態,向前直行中,機車,前車頭,機車,前車頭,駕駛人,未靠右行駛,否
臺南市北區北園街87巷129弄17號南側,晴,日間自然光線,市區道路,30,單路部分,直路,路段,一般車道(未劃分快慢車道),其他鋪裝,乾燥,無缺陷,無障礙物,良好,良好,無號誌,無號誌,無,無分向設施,未繪設車道線,未繪設快慢車道分隔線,無,人與汽(機)車,其他,其他,其他引起事故之違規或不當行為,死亡1;受傷0,1,小貨車(含客、貨兩用),自用,男,53,戴安全帽或繫安全帶(使用幼童安全椅),未使用,車的狀態,其他,汽車,後車尾,,,其他,其他引起事故之違規或不當行為,否
新北市永和區林森路90號前0.0公尺,晴,日間自然光線,市區道路,50,單路部分,直路,路段,一般車道(未劃分快慢車道),柏油,乾燥,無缺陷,無障礙物,良好,良好,無號誌,無號誌,中央分向島,寛式(50公分以上),車道線(無標記),未繪設快慢車道分隔線,有,車與車,同向擦撞,駕駛人,變換車道或方向不當,死亡1;受傷0,1,小客車,計程車,男,66,戴安全帽或繫安全帶(使用幼童安全椅),未使用,車的狀態,向右變換車道,汽車,右後車尾(身),汽車,右後車尾(身),駕駛人,變換車道或方向不當,否
新北市萬里區新北市萬里區台2線南側附近44.8公里處,晴,日間自然光線,省道,60,單路部分,直路,路段,一般車道(未劃分快慢車道),柏油,乾燥,無缺陷,無障礙物,良好,良好,無號誌,無號誌,中央分向島,窄式無柵欄,車道線(無標記),未繪設快慢車道分隔線,有,車與車,同向擦撞,駕駛人,變換車道或方向不當,死亡1;受傷0,1,大貨車,自用,男,51,戴安全帽或繫安全帶(使用幼童安全椅),未使用,車的狀態,向右變換車道,汽車,右側車身,汽車,右側車身,駕駛人,變換車道或方向不當,否
苗栗縣竹南鎮龍山里天祥路口 / 苗栗縣竹南鎮龍山里龍好街口,晴,日間自然光線,村里道路,30,交岔路,三岔路,交叉路口,交叉路口內,柏油,乾燥,無缺陷,無障礙物,良好,良好,無號誌,無號誌,無,無分向設施,未繪設車道線,未繪設快慢車道分隔線,無,車與車,側撞,駕駛人,左轉彎未依規定,死亡1;受傷1,1,機車,普通重型,男,44,戴安全帽或繫安全帶(使用幼童安全椅),不明,車的狀態,左轉彎,機車,左側車身,,,駕駛人,左轉彎未依規定,否
彰化縣大城鄉東城村東平路前0.0公尺,晴,日間自然光線,村里道路,50,交岔路,四岔路,交叉路口,交叉路口內,柏油,乾燥,無缺陷,無障礙物,良好,良好,行車管制號誌,正常,中央分向島,寛式(50公分以上),未繪設車道線,未繪設快慢車道分隔線,有,車與車,路口交岔撞,駕駛人,違反號誌管制或指揮,死亡1;受傷0,1,曳引車,營業用,男,48,戴安全帽或繫安全帶(使用幼童安全椅),未使用,車的狀態,向前直行中,汽車,前車頭,,,駕駛人,違反號誌管制或指揮,否
屏東縣新園鄉媽祖一巷、堤防道路口,晴,日間自然光線,其他,30,交岔路,三岔路,交叉路口,交叉口附近,柏油,乾燥,無缺陷,無障礙物,良好,良好,無號誌,無號誌,無,無分向設施,未繪設車道線,未繪設快慢車道分隔線,有,車與車,其他,駕駛人,左轉彎未依規定,死亡1;受傷1,1,機車,普通重型,男,63,不明,不明,車的狀態,左轉彎,機車,前車頭,,,駕駛人,左轉彎未依規定,否
屏東縣滿州鄉屏200縣道14.1K處,晴,日間自然光線,縣道,30,交岔路,三岔路,交叉路口,交叉路口內,柏油,乾燥,無缺陷,無障礙物,良好,良好,無號誌,無號誌,無,無分向設施,未繪設車道線,未繪設快慢車道分隔線,無,車與車,側撞,駕駛人,未依規定讓車,死亡1;受傷1,1,機車,普通重型,男,12,戴安全帽或繫安全帶(使用幼童安全椅),未使用,車的狀態,左轉彎,機車,前車頭,,,駕駛人,未依規定讓車,否
臺南市白河區昇山里段產業道路〈竹門高幹8左7號〉處,晴,日間自然光線,市區道路,30,交岔路,四岔路,交叉路口,交叉路口內,柏油,乾燥,無缺陷,無障礙物,良好,良好,無號誌,無號誌,無,無分向設施,未繪設車道線,未繪設快慢車道分隔線,無,車與車,路口交岔撞,駕駛人,未依規定讓車,死亡1;受傷0,1,機車,普通重型,男,67,戴安全帽或繫安全帶(使用幼童安全椅),未使用,車的狀態,向前直行中,機車,右側車身,機車,右側車身,駕駛人,未依規定讓車,否
彰化縣和美鎮鐵山里彰美路3段165號前0.0公尺,陰,夜間(或隧道、地下道、涵洞)有照明,村里道路,60,交岔路,四岔路,交叉路口,交叉路口內,柏油,乾燥,無缺陷,無障礙物,良好,良好,無號誌,無號誌,中央分向島,寛式(50公分以上),車道線(無標記),未繪設快慢車道分隔線,有,汽(機)車本身,路上翻車、摔倒,其他,其他引起事故之違規或不當行為,死亡1;受傷0,1,機車,普通重型,男,65,戴安全帽或繫安全帶(使用幼童安全椅),未使用,車的狀態,向前直行中,其他,不明,,,其他,其他引起事故之違規或不當行為,否
宜蘭縣宜蘭市黎明路口 / 宜蘭縣宜蘭市黎明路口,晴,夜間(或隧道、地下道、涵洞)有照明,鄉道,30,交岔路,四岔路,路段,一般車道(未劃分快慢車道),柏油,乾燥,無缺陷,無障礙物,良好,良好,無號誌,無號誌,無,無分向設施,未繪設車道線,未繪設快慢車道分隔線,無,車與車,路口交岔撞,駕駛人,未依規定讓車,死亡1;受傷0,1,機車,普通重型,男,48,戴安全帽或繫安全帶(使用幼童安全椅),未使用,車的狀態,向前直行中,機車,前車頭,機車,前車頭,駕駛人,未依規定讓車,否
桃園市桃園區大興西路三段口 / 桃園市桃園區正光路口,晴,日間自然光線,市區道路,50,交岔路,四岔路,交叉路口,交叉路口內,柏油,乾燥,無缺陷,無障礙物,良好,良好,行車管制號誌(附設行人專用號誌),正常,無,無分向設施,未繪設車道線,未繪設快慢車道分隔線,無,車與車,側撞,駕駛人,違反特定標誌(線)禁制,死亡1;受傷1,1,小客車,自用,男,39,戴安全帽或繫安全帶(使用幼童安全椅),未使用,車的狀態,右轉彎,汽車,右側車身,汽車,右側車身,駕駛人,違反特定標誌(線)禁制,否
嘉義市西區港坪里大同路 / 嘉義市西區港坪里大同路,晴,日間自然光線,市區道路,30,交岔路,三岔路,交叉路口,交叉路口內,柏油,乾燥,無缺陷,無障礙物,良好,良好,無號誌,無號誌,無,無分向設施,未繪設車道線,未繪設快慢車道分隔線,無,車與車,側撞,駕駛人,未依規定讓車,死亡1;受傷0,1,小貨車(含客、貨兩用),自用,男,49,戴安全帽或繫安全帶(使用幼童安全椅),未使用,車的狀態,左轉彎,汽車,前車頭,,,駕駛人,未依規定讓車,否
臺中市潭子區家福里大通街113巷13號前0.0公尺,晴,日間自然光線,市區道路,30,單路部分,直路,其他,其他,柏油,乾燥,無缺陷,無障礙物,良好,良好,無號誌,無號誌,無,無分向設施,未繪設車道線,未繪設快慢車道分隔線,無,汽(機)車本身,其他,其他,不明原因肇事,死亡1;受傷0,1,機車,普通重型,男,84,不明,不明,人的狀態,不明,其他,不明,,,其他,不明原因肇事,否
新竹市北區左岸舊社自行車道L098燈桿,晴,夜間(或隧道、地下道、涵洞)有照明,市區道路,10,單路部分,其他,其他,其他,柏油,乾燥,無缺陷,無障礙物,良好,良好,無號誌,無號誌,無,無分向設施,未繪設車道線,未繪設快慢車道分隔線,無,汽(機)車本身,其他,駕駛人,酒醉(後)駕駛失控,死亡1;受傷0,1,機車,普通重型,男,42,戴安全帽或繫安全帶(使用幼童安全椅),未使用,車的狀態,向前直行中,機車,前車頭,,,駕駛人,酒醉(後)駕駛失控,否
高雄市美濃區永華街金瓜幹115號前0.0公尺,晴,日間自然光線,市區道路,30,單路部分,彎曲路及附近,路段,一般車道(未劃分快慢車道),柏油,乾燥,無缺陷,無障礙物,良好,良好,無號誌,無號誌,無,無分向設施,車道線(無標記),未繪設快慢車道分隔線,有,汽(機)車本身,撞路樹、電桿,駕駛人,未注意車前狀態,死亡1;受傷0,1,機車,普通重型,女,75,未戴案全帽或未繫安全帶(未使用幼童安全椅),未使用,車的狀態,向前直行中,機車,前車頭,機車,前車頭,駕駛人,未注意車前狀態,否
高雄市楠梓區高楠公路1376號前0.0公尺,晴,日間自然光線,市區道路,40,單路部分,直路,路段,慢車道,柏油,乾燥,無缺陷,無障礙物,良好,良好,無號誌,無號誌,中央分向島,寛式(50公分以上),車道線(無標記),寛式快慢車道分隔島(50公分以上),無,車與車,同向擦撞,駕駛人,變換車道或方向不當,死亡1;受傷0,1,大貨車,自用,男,26,戴安全帽或繫安全帶(使用幼童安全椅),未使用,車的狀態,向右變換車道,汽車,右前車頭(身),汽車,右前車頭(身),駕駛人,變換車道或方向不當,否
臺中市大甲區江南里東西四路 / 臺中市大甲區江南里南北二路,晴,日間自然光線,市區道路,30,交岔路,四岔路,交叉路口,交叉路口內,柏油,乾燥,無缺陷,無障礙物,良好,良好,無號誌,無號誌,無,無分向設施,未繪設車道線,未繪設快慢車道分隔線,無,車與車,路口交岔撞,駕駛人,未依規定讓車,死亡2;受傷1,1,曳引車,營業用,男,31,戴安全帽或繫安全帶(使用幼童安全椅),未使用,車的狀態,向前直行中,汽車,前車頭,,,駕駛人,未依規定讓車,否
屏東縣來義鄉泰義聯絡道大後83號電桿,晴,日間自然光線,其他,40,單路部分,彎曲路及附近,路段,一般車道(未劃分快慢車道),柏油,乾燥,無缺陷,無障礙物,不良,彎道,無號誌,無號誌,行車分向線,無標記,未繪設車道線,未繪設快慢車道分隔線,有,車與車,對撞,駕駛人,未靠右行駛,死亡1;受傷0,1,大貨車,自用,男,62,戴安全帽或繫安全帶(使用幼童安全椅),未使用,車的狀態,向前直行中,汽車,左前車頭(身),,,駕駛人,未靠右行駛,否
高雄市小港區山明路山明252燈桿號前0.0公尺,晴,日間自然光線,市區道路,40,單路部分,彎曲路及附近,路段,快車道,柏油,乾燥,無缺陷,無障礙物,良好,良好,無號誌,無號誌,行車分向線,無標記,未繪設車道線,快慢車道分隔線,無,車與車,側撞,駕駛人,橫越道路不慎,死亡1;受傷1,1,機車,普通重型,男,76,戴安全帽或繫安全帶(使用幼童安全椅),未使用,車的狀態,迴轉或橫越道路中,機車,前車頭,機車,前車頭,駕駛人,橫越道路不慎,否
新竹縣關西鎮東安里中豐新路口 / 新竹縣關西鎮東安里長安街口,晴,日間自然光線,省道,60,交岔路,三岔路,交叉路口,交叉路口內,柏油,乾燥,無缺陷,無障礙物,良好,良好,閃光號誌,正常,中央分向島,寛式(50公分以上),車道線(無標記),快慢車道分隔線,有,車與車,側撞,駕駛人,未依規定讓車,死亡1;受傷0,1,小客車,自用,男,56,不明,不明,車的狀態,左轉彎,汽車,右側車身,,,駕駛人,未依規定讓車,否
宜蘭縣宜蘭市清華二路溪州26號電桿西向26公尺,晴,日間自然光線,鄉道,50,單路部分,彎曲路及附近,路段,一般車道(未劃分快慢車道),柏油,乾燥,無缺陷,無障礙物,良好,良好,無號誌,無號誌,雙向禁止超車線,無標記,車道線(無標記),未繪設快慢車道分隔線,有,車與車,對撞,駕駛人,違規超車,死亡1;受傷0,1,機車,普通重型,男,43,戴安全帽或繫安全帶(使用幼童安全椅),不明,車的狀態,超車(含超越),機車,前車頭,,,駕駛人,違規超車,否
高雄市仁武區高楠四街58號前0.0公尺,晴,夜間(或隧道、地下道、涵洞)有照明,市區道路,30,單路部分,直路,路段,一般車道(未劃分快慢車道),柏油,乾燥,無缺陷,無障礙物,良好,良好,無號誌,無號誌,無,無分向設施,未繪設車道線,未繪設快慢車道分隔線,無,人與汽(機)車,其他,行人(或乘客),其他引起事故之疏失或行為,死亡1;受傷0,1,人,行人,男,50,其他(無需使用保護裝備之人),非駕駛人,人的狀態,其他,其他,非汽(機)車,其他,非汽(機)車,行人(或乘客),其他引起事故之疏失或行為,否
臺中市后里區廣福里三豐路三段 / 臺中市后里區廣福里星科路,晴,日間自然光線,市區道路,50,交岔路,三岔路,交叉路口,交叉路口內,柏油,乾燥,無缺陷,無障礙物,良好,良好,行車管制號誌,正常,無,無分向設施,未繪設車道線,未繪設快慢車道分隔線,無,車與車,側撞,其他,不明原因肇事,死亡1;受傷1,1,曳引車,營業用,男,23,戴安全帽或繫安全帶(使用幼童安全椅),未使用,車的狀態,右轉彎,汽車,右前車頭(身),,,其他,不明原因肇事,否
嘉義縣民雄鄉興南村文化路與工業一路口,晴,晨或暮光,鄉道,50,交岔路,三岔路,交叉路口,交叉路口內,柏油,乾燥,無缺陷,無障礙物,良好,良好,行車管制號誌,正常,無,無分向設施,未繪設車道線,未繪設快慢車道分隔線,無,汽(機)車本身,撞號誌、標誌桿,駕駛人,未注意車前狀態,死亡1;受傷0,1,小客車,自用,男,27,不明,不明,車的狀態,向前直行中,汽車,前車頭,,,駕駛人,未注意車前狀態,否
宜蘭縣三星鄉雙和中路與雙和三路口,晴,日間自然光線,村里道路,30,交岔路,四岔路,交叉路口,交叉路口內,柏油,乾燥,無缺陷,無障礙物,不良,建築物,閃光號誌,正常,無,無分向設施,未繪設車道線,未繪設快慢車道分隔線,無,車與車,路口交岔撞,駕駛人,違反號誌管制或指揮,死亡1;受傷0,1,機車,普通重型,男,66,戴安全帽或繫安全帶(使用幼童安全椅),未使用,車的狀態,向前直行中,機車,前車頭,,,駕駛人,違反號誌管制或指揮,否
臺南市麻豆區北勢里南57線往南4.7公里處,晴,日間自然光線,市區道路,50,單路部分,直路,路段,路肩、路緣,柏油,乾燥,無缺陷,無障礙物,良好,良好,無號誌,無號誌,雙向禁止超車線,無標記,未繪設車道線,未繪設快慢車道分隔線,有,汽(機)車本身,衝出路外,駕駛人,未注意車前狀態,死亡1;受傷0,1,機車,普通重型,男,42,戴安全帽或繫安全帶(使用幼童安全椅),不明,車的狀態,向前直行中,機車,前車頭,,,駕駛人,未注意車前狀態,否
臺南市安平區育平路口 / 臺南市安平區府平路口,晴,日間自然光線,市區道路,50,交岔路,四岔路,交叉路口,交叉路口內,柏油,乾燥,無缺陷,無障礙物,良好,良好,行車管制號誌,正常,無,無分向設施,未繪設車道線,未繪設快慢車道分隔線,無,車與車,路口交岔撞,駕駛人,違反號誌管制或指揮,死亡1;受傷0,1,機車,普通重型,男,55,戴安全帽或繫安全帶(使用幼童安全椅),未使用,車的狀態,向前直行中,機車,前車頭,,,駕駛人,違反號誌管制或指揮,否
嘉義縣太保市新埤里嘉49線、嘉64線路口,晴,日間自然光線,鄉道,50,交岔路,四岔路,交叉路口,交叉路口內,柏油,乾燥,無缺陷,無障礙物,良好,良好,行車管制號誌,正常,無,無分向設施,未繪設車道線,未繪設快慢車道分隔線,無,車與車,路口交岔撞,駕駛人,違反號誌管制或指揮,死亡1;受傷1,1,小客車,自用,男,47,不明,不明,車的狀態,向前直行中,汽車,左前車頭(身),汽車,前車頭,駕駛人,違反號誌管制或指揮,否
屏東縣枋寮鄉沿山公路口 / 屏東縣枋寮鄉青山路口,晴,日間自然光線,縣道,60,交岔路,四岔路,交叉路口,交叉路口內,柏油,乾燥,無缺陷,無障礙物,良好,良好,無號誌,無號誌,雙向禁止超車線,無標記,未繪設車道線,未繪設快慢車道分隔線,有,車與車,側撞,駕駛人,未依規定讓車,死亡2;受傷1,1,小客車,自用,男,74,不明,不明,車的狀態,左轉彎,汽車,左前車頭(身),汽車,前車頭,駕駛人,未依規定讓車,否
桃園市大溪區石園路246號前0.0公尺,晴,日間自然光線,市區道路,60,單路部分,直路,路段,一般車道(未劃分快慢車道),柏油,乾燥,無缺陷,無障礙物,良好,良好,無號誌,無號誌,雙向禁止超車線,無標記,車道線(無標記),未繪設快慢車道分隔線,有,車與車,追撞,駕駛人,未注意車前狀態,死亡1;受傷2,1,小貨車(含客、貨兩用),自用,男,19,不明,不明,車的狀態,向前直行中,汽車,前車頭,汽車,前車頭,駕駛人,未注意車前狀態,否
新竹縣竹東鎮大同路口 / 新竹縣竹東鎮仁愛路口,晴,日間自然光線,市區道路,50,交岔路,四岔路,交叉路口,交叉路口內,柏油,乾燥,無缺陷,無障礙物,良好,良好,閃光號誌,正常,雙向禁止超車線,無標記,車道線(無標記),未繪設快慢車道分隔線,有,人與汽(機)車,穿越道路中,駕駛人,未注意車前狀態,死亡1;受傷0,1,小客車,自用,男,62,戴安全帽或繫安全帶(使用幼童安全椅),未使用,車的狀態,左轉彎,汽車,前車頭,汽車,左側車身,駕駛人,未注意車前狀態,否
基隆市七堵區泰安路 / 基隆市七堵區泰安路,晴,日間自然光線,市區道路,50,交岔路,三岔路,交叉路口,交叉路口內,柏油,乾燥,無缺陷,無障礙物,良好,良好,無號誌,無號誌,無,無分向設施,未繪設車道線,未繪設快慢車道分隔線,無,人與汽(機)車,同向通行中,駕駛人,違反特定標誌(線)禁制,死亡1;受傷0,1,曳引車,營業用,男,43,戴安全帽或繫安全帶(使用幼童安全椅),未使用,車的狀態,起步,汽車,右前車頭(身),汽車,右前車頭(身),駕駛人,違反特定標誌(線)禁制,否
屏東縣恆春鎮網紗里恆公路與環城北路路口,晴,日間自然光線,省道,60,交岔路,三岔路,交叉路口,交叉路口內,柏油,乾燥,無缺陷,無障礙物,良好,良好,行車管制號誌,正常,中央分向島,寛式(50公分以上),禁止變換車道線(附標記),快慢車道分隔線,有,車與車,側撞,駕駛人,未依規定讓車,死亡1;受傷0,1,小貨車(含客、貨兩用),自用,男,53,戴安全帽或繫安全帶(使用幼童安全椅),未使用,車的狀態,右轉彎,汽車,右側車身,,,駕駛人,未依規定讓車,否
臺中市西屯區協和里工業區一路 / 臺中市西屯區協和里工業區七路,晴,日間自然光線,市區道路,50,交岔路,四岔路,交叉路口,交叉路口內,柏油,乾燥,無缺陷,無障礙物,良好,良好,行車管制號誌,正常,無,無分向設施,未繪設車道線,未繪設快慢車道分隔線,無,車與車,同向擦撞,駕駛人,右轉彎未依規定,死亡1;受傷0,1,大貨車,營業用,男,63,戴安全帽或繫安全帶(使用幼童安全椅),未使用,車的狀態,右轉彎,汽車,右側車身,,,駕駛人,右轉彎未依規定,否
屏東縣枋寮鄉台1線與隆安路,晴,夜間(或隧道、地下道、涵洞)有照明,省道,70,交岔路,四岔路,交叉路口,交叉路口內,柏油,乾燥,無缺陷,無障礙物,良好,良好,閃光號誌,正常,中央分向島,寛式(50公分以上),車道線(無標記),快慢車道分隔線,有,人與汽(機)車,其他,駕駛人,未注意車前狀態,死亡1;受傷0,1,小貨車(含客、貨兩用),自用,男,52,戴安全帽或繫安全帶(使用幼童安全椅),未使用,車的狀態,向前直行中,汽車,前車頭,,,駕駛人,未注意車前狀態,否
臺中市西區三民里三民路一段166號前0.0公尺,晴,晨或暮光,市區道路,50,單路部分,直路,路段,一般車道(未劃分快慢車道),柏油,乾燥,無缺陷,無障礙物,良好,良好,無號誌,無號誌,雙向禁止超車線,無標記,禁止變換車道線(無標記),未繪設快慢車道分隔線,無,車與車,側撞,駕駛人,違反特定標誌(線)禁制,死亡1;受傷0,1,慢車,腳踏自行車,男,82,不明,不明,車的狀態,左轉彎,其他,非汽(機)車,,,駕駛人,違反特定標誌(線)禁制,否
高雄市大寮區鳳屏一路806號前0.0公尺,晴,晨或暮光,市區道路,70,單路部分,直路,路段,一般車道(未劃分快慢車道),柏油,乾燥,無缺陷,無障礙物,良好,良好,無號誌,無號誌,無,無分向設施,未繪設車道線,未繪設快慢車道分隔線,無,車與車,同向擦撞,駕駛人,未保持行車安全間隔,死亡1;受傷0,1,機車,普通重型,女,18,戴安全帽或繫安全帶(使用幼童安全椅),未使用,車的狀態,向前直行中,機車,左側車身,機車,左側車身,駕駛人,未保持行車安全間隔,否
屏東縣竹田鄉188縣道、189縣道,陰,夜間(或隧道、地下道、涵洞)有照明,縣道,50,交岔路,三岔路,交叉路口,交叉路口內,柏油,濕潤,無缺陷,無障礙物,良好,良好,行車管制號誌,正常,中央分向島,寛式(50公分以上),禁止變換車道線(無標記),快慢車道分隔線,有,汽(機)車本身,撞護欄(樁),駕駛人,未注意車前狀態,死亡1;受傷0,1,小客車,自用,男,65,不明,不明,車的狀態,向前直行中,汽車,前車頭,,,駕駛人,未注意車前狀態,否
嘉義縣太保市後庄里台18線0.6公里,晴,日間自然光線,省道,40,單路部分,彎曲路及附近,路段,路肩、路緣,柏油,乾燥,無缺陷,無障礙物,良好,良好,無號誌,無號誌,中央分向島,寛式(50公分以上),車道線(無標記),寛式快慢車道分隔島(50公分以上),有,汽(機)車本身,撞護欄(樁),駕駛人,未注意車前狀態,死亡1;受傷0,1,機車,普通重型,男,36,戴安全帽或繫安全帶(使用幼童安全椅),不明,車的狀態,向前直行中,機車,右側車身,,,駕駛人,未注意車前狀態,否
宜蘭縣三星鄉三星路七段口 / 宜蘭縣三星鄉三星路七段口,晴,日間自然光線,村里道路,30,交岔路,三岔路,交叉路口,交叉路口內,柏油,乾燥,無缺陷,無障礙物,良好,良好,無號誌,無號誌,雙向禁止超車線,無標記,未繪設車道線,未繪設快慢車道分隔線,無,車與車,側撞,駕駛人,未依規定讓車,死亡1;受傷0,1,慢車,其他慢車,男,88,其他(無需使用保護裝備之人),不明,車的狀態,左轉彎,其他,非汽(機)車,,,駕駛人,未依規定讓車,否
桃園市大園區中正東路1段口 / 桃園市大園區中正東路1段,晴,夜間(或隧道、地下道、涵洞)有照明,市區道路,50,交岔路,四岔路,交叉路口,交叉路口內,柏油,乾燥,無缺陷,無障礙物,良好,良好,行車管制號誌,正常,無,無分向設施,未繪設車道線,未繪設快慢車道分隔線,無,車與車,路口交岔撞,駕駛人,酒醉(後)駕駛失控,死亡1;受傷1,1,機車,普通重型,男,59,戴安全帽或繫安全帶(使用幼童安全椅),未使用,車的狀態,向前直行中,機車,前車頭,,,駕駛人,酒醉(後)駕駛失控,否
雲林縣水林鄉雲148公路與產業道路,晴,日間自然光線,村里道路,30,交岔路,四岔路,交叉路口,交叉路口內,柏油,乾燥,無缺陷,無障礙物,不良,樹木、農作物,無號誌,無號誌,無,無分向設施,未繪設車道線,未繪設快慢車道分隔線,有,車與車,其他,駕駛人,未依規定讓車,死亡1;受傷0,1,機車,普通重型,男,58,未戴案全帽或未繫安全帶(未使用幼童安全椅),未使用,車的狀態,向前直行中,機車,前車頭,,,駕駛人,未依規定讓車,否
屏東縣屏東市瑞光路一段口 / 屏東縣屏東市瑞光路一段口,晴,日間自然光線,市區道路,50,交岔路,三岔路,交叉路口,交叉路口內,柏油,乾燥,無缺陷,無障礙物,良好,良好,行車管制號誌,正常,雙向禁止超車線,附標記,未繪設車道線,快慢車道分隔線,有,車與車,側撞,駕駛人,左轉彎未依規定,死亡1;受傷1,1,機車,普通重型,男,48,未戴案全帽或未繫安全帶(未使用幼童安全椅),未使用,車的狀態,左轉彎,機車,左側車身,,,駕駛人,左轉彎未依規定,否
桃園市中壢區圓光路一段北側 / 桃園市中壢區環保路北側,晴,夜間(或隧道、地下道、涵洞)有照明,市區道路,50,交岔路,三岔路,交叉路口,交叉路口內,柏油,乾燥,無缺陷,無障礙物,良好,良好,無號誌,無號誌,行車分向線,無標記,車道線(無標記),未繪設快慢車道分隔線,有,車與車,側撞,駕駛人,迴轉未依規定,死亡1;受傷2,1,機車,普通重型,男,17,戴安全帽或繫安全帶(使用幼童安全椅),未使用,車的狀態,迴轉或橫越道路中,機車,左側車身,,,駕駛人,迴轉未依規定,否
新北市樹林區八德街232號前0.0公尺,雨,夜間(或隧道、地下道、涵洞)有照明,市區道路,50,單路部分,直路,路段,一般車道(未劃分快慢車道),柏油,濕潤,無缺陷,無障礙物,良好,良好,無號誌,無號誌,行車分向線,無標記,車道線(無標記),未繪設快慢車道分隔線,有,車與車,對撞,駕駛人,逆向行駛,死亡2;受傷1,1,小貨車(含客、貨兩用),自用,男,47,戴安全帽或繫安全帶(使用幼童安全椅),未使用,車的狀態,向前直行中,汽車,前車頭,汽車,前車頭,駕駛人,逆向行駛,否
彰化縣芳苑鄉漢寶村農場路153號前0.0公尺,晴,夜間(或隧道、地下道、涵洞)有照明,村里道路,30,單路部分,直路,路段,一般車道(未劃分快慢車道),柏油,乾燥,無缺陷,無障礙物,良好,良好,無號誌,無號誌,無,無分向設施,未繪設車道線,未繪設快慢車道分隔線,有,汽(機)車本身,撞非固定設施,駕駛人,疲勞(患病)駕駛失控,死亡1;受傷0,1,機車,普通重型,男,57,不明,不明,車的狀態,向前直行中,機車,前車頭,,,駕駛人,疲勞(患病)駕駛失控,否
臺北市士林區永公路 / 臺北市士林區永公路,晴,日間自然光線,市區道路,30,交岔路,三岔路,交叉路口,交叉路口內,柏油,乾燥,無缺陷,無障礙物,良好,良好,無號誌,無號誌,無,無分向設施,未繪設車道線,未繪設快慢車道分隔線,有,車與車,其他,駕駛人,未靠右行駛,死亡1;受傷0,1,小貨車(含客、貨兩用),自用,男,42,不明,不明,車的狀態,向前直行中,汽車,右前車頭(身),汽車,右前車頭(身),駕駛人,未靠右行駛,否