發生地點,天候名稱,光線名稱,道路類別-第1當事者-名稱,速限-第1當事者,道路型態大類別名稱,道路型態子類別名稱,事故位置大類別名稱,事故位置子類別名稱,路面狀況-路面鋪裝名稱,路面狀況-路面狀態名稱,路面狀況-路面缺陷名稱,道路障礙-障礙物名稱,道路障礙-視距品質名稱,道路障礙-視距名稱,號誌-號誌種類名稱,號誌-號誌動作名稱,車道劃分設施-分向設施大類別名稱,車道劃分設施-分向設施子類別名稱,車道劃分設施-分道設施-快車道或一般車道間名稱,車道劃分設施-分道設施-快慢車道間名稱,車道劃分設施-分道設施-路面邊線名稱,事故類型及型態大類別名稱,事故類型及型態子類別名稱,肇因研判大類別名稱-主要,肇因研判子類別名稱-主要,死亡受傷人數,當事者順位,當事者區分-類別-大類別名稱-車種,當事者區分-類別-子類別名稱-車種,當事者屬-性-別名稱,當事者事故發生時年齡,保護裝備名稱,行動電話或電腦或其他相類功能裝置名稱,當事者行動狀態大類別名稱,當事者行動狀態子類別名稱,車輛撞擊部位大類別名稱-最初,車輛撞擊部位子類別名稱-最初,車輛撞擊部位大類別名稱-其他,車輛撞擊部位子類別名稱-其他,肇因研判大類別名稱-個別,肇因研判子類別名稱-個別,肇事逃逸類別名稱-是否肇逃
彰化縣彰化市興北里三民路 / 彰化縣彰化市興北里民生路,晴,夜間(或隧道、地下道、涵洞)有照明,市區道路,50,交岔路,多岔路,交叉路口,交叉路口內,柏油,乾燥,無缺陷,無障礙物,良好,良好,行車管制號誌(附設行人專用號誌),正常,雙向禁止超車線,無標記,未繪設車道線,未繪設快慢車道分隔線,無,車與車,其他,駕駛人,未依規定讓車,死亡1;受傷0,1,大貨車,營業用,男,44,不明,不明,車的狀態,左轉彎,汽車,右側車身,,,駕駛人,未依規定讓車,否
宜蘭縣三星鄉福山街泰雅大橋南端100公尺處(西幹八十右十二電線桿),晴,日間自然光線,村里道路,40,單路部分,彎曲路及附近,路段,一般車道(未劃分快慢車道),柏油,乾燥,無缺陷,無障礙物,良好,良好,無號誌,無號誌,無,無分向設施,未繪設車道線,未繪設快慢車道分隔線,有,車與車,對向擦撞,駕駛人,違反特定標誌(線)禁制,死亡1;受傷4,1,小客車,自用,女,51,戴安全帽或繫安全帶(使用幼童安全椅),未使用,車的狀態,向前直行中,汽車,前車頭,,,駕駛人,違反特定標誌(線)禁制,否
苗栗縣通霄鎮崇仁路與平新路口,晴,日間自然光線,村里道路,50,交岔路,四岔路,交叉路口,交叉路口內,柏油,乾燥,無缺陷,無障礙物,良好,良好,閃光號誌,正常,行車分向線,無標記,未繪設車道線,未繪設快慢車道分隔線,有,車與車,側撞,駕駛人,未注意車前狀態,死亡1;受傷0,1,小客車,自用,男,40,戴安全帽或繫安全帶(使用幼童安全椅),未使用,車的狀態,左轉彎,汽車,右前車頭(身),,,駕駛人,未注意車前狀態,否
彰化縣芳苑鄉漢寶村漢興路 / 彰化縣芳苑鄉漢寶村芳漢路漢１段,晴,日間自然光線,其他,30,交岔路,四岔路,交叉路口,交叉路口內,柏油,乾燥,無缺陷,無障礙物,良好,良好,無號誌,無號誌,無,無分向設施,未繪設車道線,未繪設快慢車道分隔線,無,車與車,路口交岔撞,駕駛人,未依規定讓車,死亡1;受傷0,1,機車,普通輕型,男,54,戴安全帽或繫安全帶(使用幼童安全椅),未使用,車的狀態,向前直行中,機車,前車頭,機車,前車頭,駕駛人,未依規定讓車,否
臺中市東區東信里振興路 / 臺中市東區東信里振興路,晴,夜間(或隧道、地下道、涵洞)有照明,市區道路,40,交岔路,多岔路,交叉路口,交叉路口內,柏油,乾燥,無缺陷,無障礙物,良好,良好,閃光號誌,正常,無,無分向設施,未繪設車道線,未繪設快慢車道分隔線,無,車與車,路口交岔撞,駕駛人,未依規定讓車,死亡1;受傷1,1,機車,普通重型,男,72,戴安全帽或繫安全帶(使用幼童安全椅),未使用,車的狀態,向前直行中,機車,左側車身,,,駕駛人,未依規定讓車,否
宜蘭縣壯圍鄉大福路2段口 / 宜蘭縣壯圍鄉大福路2段口,晴,日間自然光線,村里道路,30,交岔路,四岔路,交叉路口,交叉路口內,柏油,乾燥,無缺陷,無障礙物,良好,良好,無號誌,無號誌,無,無分向設施,未繪設車道線,未繪設快慢車道分隔線,有,車與車,路口交岔撞,駕駛人,未依規定讓車,死亡1;受傷2,1,機車,普通重型,女,49,戴安全帽或繫安全帶(使用幼童安全椅),未使用,車的狀態,向前直行中,機車,右側車身,,,駕駛人,未依規定讓車,否
臺南市楠西區東勢里水庫路口 / 臺南市楠西區東勢里水庫路,晴,日間自然光線,市區道路,30,交岔路,三岔路,交叉路口,交叉路口內,柏油,乾燥,無缺陷,道路工事(程)中,不良,路上停放車輛,無號誌,無號誌,無,無分向設施,未繪設車道線,未繪設快慢車道分隔線,無,車與車,側撞,駕駛人,未依規定讓車,死亡1;受傷0,1,機車,普通重型,女,70,未戴案全帽或未繫安全帶(未使用幼童安全椅),未使用,車的狀態,左轉彎,機車,右側車身,,,駕駛人,未依規定讓車,否
新北市五股區新五路2段前0.0公尺,晴,日間自然光線,市區道路,40,單路部分,直路,路段,一般車道(未劃分快慢車道),柏油,乾燥,無缺陷,無障礙物,良好,良好,行車管制號誌(附設行人專用號誌),正常,中央分向島,寛式(50公分以上),車道線(無標記),快慢車道分隔線,有,人與汽(機)車,穿越道路中,駕駛人,搶越行人穿越道,死亡1;受傷1,1,小貨車(含客、貨兩用),營業用,男,42,戴安全帽或繫安全帶(使用幼童安全椅),未使用,車的狀態,右轉彎,汽車,右前車頭(身),汽車,右前車頭(身),駕駛人,搶越行人穿越道,否
新北市貢寮區新北市貢寮區臺2線道路98.5K處,晴,日間自然光線,省道,50,單路部分,彎曲路及附近,路段,一般車道(未劃分快慢車道),柏油,乾燥,無缺陷,無障礙物,良好,良好,無號誌,無號誌,雙向禁止超車線,無標記,未繪設車道線,未繪設快慢車道分隔線,有,汽(機)車本身,路上翻車、摔倒,駕駛人,超速失控,死亡1;受傷0,1,曳引車,營業用,男,40,不明,不明,車的狀態,向前直行中,汽車,前車頭,汽車,前車頭,駕駛人,超速失控,否
彰化縣溪湖鎮中山里成功路695號前0.0公尺,晴,夜間(或隧道、地下道、涵洞)有照明,村里道路,30,單路部分,直路,路段,一般車道(未劃分快慢車道),柏油,乾燥,無缺陷,無障礙物,良好,良好,無號誌,無號誌,無,無分向設施,未繪設車道線,未繪設快慢車道分隔線,有,汽(機)車本身,衝出路外,其他,不明原因肇事,死亡1;受傷0,1,機車,普通重型,男,32,戴安全帽或繫安全帶(使用幼童安全椅),未使用,車的狀態,向前直行中,機車,前車頭,,,其他,不明原因肇事,否
花蓮縣富里鄉台9線 283公里500.0公尺處西側向外側,陰,夜間(或隧道、地下道、涵洞)有照明,省道,60,單路部分,直路,路段,路肩、路緣,柏油,乾燥,無缺陷,無障礙物,良好,良好,無號誌,無號誌,雙向禁止超車線,附標記,未繪設車道線,快慢車道分隔線,有,汽(機)車本身,撞護欄(樁),駕駛人,酒醉(後)駕駛失控,死亡1;受傷0,1,機車,普通重型,男,17,不明,不明,車的狀態,向前直行中,機車,前車頭,機車,右側車身,駕駛人,酒醉(後)駕駛失控,否
臺中市南區城煌里正義街 / 臺中市南區城煌里信義南街,晴,日間自然光線,市區道路,50,交岔路,四岔路,交叉路口,交叉路口內,柏油,乾燥,無缺陷,無障礙物,良好,良好,閃光號誌,正常,雙向禁止超車線,無標記,未繪設車道線,未繪設快慢車道分隔線,無,車與車,路口交岔撞,駕駛人,未依規定讓車,死亡1;受傷0,1,機車,普通重型,女,67,戴安全帽或繫安全帶(使用幼童安全椅),未使用,車的狀態,向前直行中,機車,右側車身,,,駕駛人,未依規定讓車,否
臺中市大里區瑞城里中興路一段 / 臺中市大里區瑞城里瑞城一街,晴,日間自然光線,市區道路,50,交岔路,四岔路,路段,路肩、路緣,柏油,乾燥,無缺陷,無障礙物,良好,良好,行車管制號誌,正常,中央分向島,窄式無柵欄,車道線(無標記),快慢車道分隔線,有,車與車,其他,駕駛人,未注意車前狀態,死亡1;受傷0,1,機車,普通重型,男,58,戴安全帽或繫安全帶(使用幼童安全椅),未使用,車的狀態,向前直行中,機車,右側車身,,,駕駛人,未注意車前狀態,否
臺北市南港區南港路1段 / 臺北市南港區港東街口,晴,日間自然光線,市區道路,50,交岔路,三岔路,交叉路口,交叉口附近,柏油,乾燥,無缺陷,無障礙物,良好,良好,無號誌,無號誌,中央分向島,窄式無柵欄,車道線(附標記),未繪設快慢車道分隔線,無,車與車,側撞,駕駛人,迴轉未依規定,死亡1;受傷0,1,機車,普通重型,女,74,不明,不明,車的狀態,迴轉或橫越道路中,機車,左側車身,機車,左側車身,駕駛人,迴轉未依規定,否
臺中市北屯區松強里崇德十路一段 / 臺中市北屯區松強里昌平東七路,晴,日間自然光線,市區道路,50,交岔路,四岔路,交叉路口,交叉路口內,柏油,乾燥,無缺陷,無障礙物,良好,良好,閃光號誌,正常,無,無分向設施,未繪設車道線,未繪設快慢車道分隔線,無,車與車,路口交岔撞,駕駛人,未依規定讓車,死亡1;受傷0,1,機車,普通重型,男,65,戴安全帽或繫安全帶(使用幼童安全椅),未使用,車的狀態,向前直行中,機車,右側車身,,,駕駛人,未依規定讓車,否
高雄市大寮區拷潭路拷潭046燈桿號前0.0公尺,陰,日間自然光線,市區道路,30,單路部分,彎曲路及附近,路段,一般車道(未劃分快慢車道),柏油,濕潤,無缺陷,無障礙物,良好,良好,無號誌,無號誌,無,無分向設施,未繪設車道線,未繪設快慢車道分隔線,有,車與車,對向擦撞,駕駛人,未靠右行駛,死亡1;受傷0,1,機車,普通重型,男,57,戴安全帽或繫安全帶(使用幼童安全椅),未使用,車的狀態,向前直行中,機車,前車頭,機車,前車頭,駕駛人,未靠右行駛,否
高雄市楠梓區加昌路 / 高雄市楠梓區秀群路,晴,夜間(或隧道、地下道、涵洞)有照明,市區道路,50,交岔路,四岔路,交叉路口,交叉路口內,柏油,乾燥,無缺陷,無障礙物,良好,良好,行車管制號誌,正常,無,無分向設施,未繪設車道線,未繪設快慢車道分隔線,無,車與車,側撞,駕駛人,違反號誌管制或指揮,死亡1;受傷0,1,機車,普通重型,女,32,戴安全帽或繫安全帶(使用幼童安全椅),未使用,車的狀態,左轉彎,機車,左側車身,機車,左側車身,駕駛人,違反號誌管制或指揮,否
屏東縣林邊鄉中山路104-1號前0.0公尺,晴,日間自然光線,村里道路,50,單路部分,直路,路段,路肩、路緣,柏油,乾燥,無缺陷,無障礙物,良好,良好,無號誌,無號誌,雙向禁止超車線,附標記,車道線(無標記),快慢車道分隔線,有,車與車,追撞,駕駛人,未注意車前狀態,死亡1;受傷0,1,機車,普通重型,男,59,戴安全帽或繫安全帶(使用幼童安全椅),未使用,車的狀態,向前直行中,機車,前車頭,,,駕駛人,未注意車前狀態,否
新竹縣寶山鄉寶新路二段147巷路口附近,晴,日間自然光線,鄉道,40,單路部分,彎曲路及附近,路段,一般車道(未劃分快慢車道),柏油,乾燥,無缺陷,無障礙物,良好,良好,無號誌,無號誌,雙向禁止超車線,無標記,未繪設車道線,未繪設快慢車道分隔線,有,車與車,側撞,駕駛人,逆向行駛,死亡1;受傷1,1,機車,普通重型,女,76,戴安全帽或繫安全帶(使用幼童安全椅),未使用,車的狀態,迴轉或橫越道路中,機車,前車頭,,,駕駛人,逆向行駛,否
新竹縣新埔鎮中正路西側 / 新竹縣新埔鎮田新路口,晴,日間自然光線,縣道,50,交岔路,三岔路,交叉路口,交叉路口內,柏油,乾燥,無缺陷,無障礙物,良好,良好,閃光號誌,正常,雙向禁止超車線,無標記,車道線(無標記),未繪設快慢車道分隔線,有,車與車,側撞,駕駛人,起步未注意其他車(人)安全,死亡1;受傷1,1,慢車,微型電動二輪車,男,80,戴安全帽或繫安全帶(使用幼童安全椅),未使用,車的狀態,起步,其他,非汽(機)車,,,駕駛人,起步未注意其他車(人)安全,否
新竹市香山區西濱路3段20巷口,晴,日間自然光線,省道,50,交岔路,四岔路,交叉路口,交叉路口內,柏油,乾燥,無缺陷,無障礙物,良好,良好,無號誌,無號誌,無,無分向設施,未繪設車道線,未繪設快慢車道分隔線,無,車與車,追撞,駕駛人,未注意車前狀態,死亡1;受傷0,1,小貨車(含客、貨兩用),自用,男,40,不明,不明,車的狀態,向前直行中,汽車,前車頭,,,駕駛人,未注意車前狀態,否
屏東縣佳冬鄉四塊路與四塊路,晴,日間自然光線,村里道路,50,交岔路,四岔路,交叉路口,交叉路口內,柏油,乾燥,無缺陷,無障礙物,良好,良好,無號誌,無號誌,無,無分向設施,未繪設車道線,未繪設快慢車道分隔線,有,車與車,路口交岔撞,駕駛人,未依規定讓車,死亡1;受傷0,1,機車,普通重型,男,58,戴安全帽或繫安全帶(使用幼童安全椅),未使用,車的狀態,向前直行中,機車,左側車身,,,駕駛人,未依規定讓車,否
雲林縣崙背鄉大有村156公路221552路燈處,陰,日間自然光線,村里道路,60,單路部分,直路,路段,一般車道(未劃分快慢車道),柏油,濕潤,無缺陷,無障礙物,良好,良好,無號誌,無號誌,行車分向線,附標記,未繪設車道線,快慢車道分隔線,有,車與車,對撞,駕駛人,違規超車,死亡1;受傷1,1,小客車,自用,男,43,不明,不明,車的狀態,超車(含超越),汽車,前車頭,,,駕駛人,違規超車,否
新竹市東區中正路中央路,陰,日間自然光線,市區道路,50,交岔路,四岔路,交叉路口,交叉口附近,柏油,乾燥,無缺陷,無障礙物,良好,良好,行車管制號誌(附設行人專用號誌),正常,雙向禁止超車線,無標記,車道線(無標記),未繪設快慢車道分隔線,無,車與車,側撞,駕駛人,違反號誌管制或指揮,死亡1;受傷0,1,慢車,腳踏自行車,男,85,未戴案全帽或未繫安全帶(未使用幼童安全椅),未使用,車的狀態,迴轉或橫越道路中,其他,非汽(機)車,,,駕駛人,違反號誌管制或指揮,否
彰化縣埔心鄉埤脚村大溪路2段130號前0.0公尺,晴,日間自然光線,村里道路,60,單路部分,直路,路段,一般車道(未劃分快慢車道),柏油,乾燥,無缺陷,無障礙物,良好,良好,閃光號誌,正常,雙向禁止超車線,無標記,車道線(無標記),未繪設快慢車道分隔線,有,車與車,側撞,駕駛人,左轉彎未依規定,死亡1;受傷0,1,機車,普通重型,女,61,戴安全帽或繫安全帶(使用幼童安全椅),未使用,車的狀態,左轉彎,機車,右側車身,,,駕駛人,左轉彎未依規定,否
臺東縣鹿野鄉永樂路口 / 臺東縣鹿野鄉永樂路口,晴,日間自然光線,鄉道,50,交岔路,三岔路,交叉路口,交叉路口內,柏油,乾燥,無缺陷,無障礙物,良好,良好,無號誌,無號誌,無,無分向設施,未繪設車道線,未繪設快慢車道分隔線,無,車與車,側撞,駕駛人,違規超車,死亡1;受傷0,1,小客車,自用,男,70,戴安全帽或繫安全帶(使用幼童安全椅),未使用,車的狀態,超車(含超越),汽車,前車頭,,,駕駛人,違規超車,否
彰化縣和美鎮湖內里彰新路6段 / 彰化縣和美鎮湖內里北安路,晴,日間自然光線,村里道路,50,交岔路,四岔路,交叉路口,交叉路口內,柏油,乾燥,無缺陷,無障礙物,良好,良好,行車管制號誌,正常,無,無分向設施,未繪設車道線,未繪設快慢車道分隔線,無,汽(機)車本身,撞號誌、標誌桿,其他,不明原因肇事,死亡1;受傷0,1,小客車,自用,男,41,不明,不明,車的狀態,向前直行中,汽車,前車頭,,,其他,不明原因肇事,否
桃園市龍潭區中原路二段口 / 桃園市龍潭區高原路口,晴,夜間(或隧道、地下道、涵洞)有照明,市區道路,50,交岔路,四岔路,交叉路口,交叉路口內,柏油,乾燥,無缺陷,無障礙物,良好,良好,行車管制號誌,正常,無,無分向設施,未繪設車道線,未繪設快慢車道分隔線,無,車與車,側撞,駕駛人,違反號誌管制或指揮,死亡1;受傷1,1,小客車,自用,男,50,戴安全帽或繫安全帶(使用幼童安全椅),未使用,車的狀態,向前直行中,汽車,前車頭,,,駕駛人,違反號誌管制或指揮,否
屏東縣新埤鄉屏189縣與屏112縣路口,晴,夜間(或隧道、地下道、涵洞)有照明,縣道,50,交岔路,四岔路,交叉路口,交叉路口內,柏油,乾燥,無缺陷,無障礙物,良好,良好,閃光號誌,正常,雙向禁止超車線,無標記,禁止變換車道線(無標記),快慢車道分隔線,有,車與車,路口交岔撞,駕駛人,未依規定讓車,死亡1;受傷0,1,曳引車,營業用,男,61,戴安全帽或繫安全帶(使用幼童安全椅),未使用,車的狀態,向前直行中,汽車,左前車頭(身),,,駕駛人,未依規定讓車,否
苗栗縣後龍鎮台1線 121.5公里,晴,日間自然光線,省道,70,單路部分,直路,路段,路肩、路緣,柏油,乾燥,無缺陷,無障礙物,良好,良好,無號誌,無號誌,中央分向島,寛式(50公分以上),車道線(無標記),快慢車道分隔線,有,汽(機)車本身,衝出路外,其他,不明原因肇事,死亡1;受傷0,1,機車,普通重型,男,78,戴安全帽或繫安全帶(使用幼童安全椅),未使用,車的狀態,向前直行中,其他,不明,,,其他,不明原因肇事,否
雲林縣元長鄉長南村中山路元忠44電桿前,晴,日間自然光線,市區道路,70,單路部分,直路,路段,慢車道,柏油,乾燥,無缺陷,無障礙物,良好,良好,無號誌,無號誌,中央分向島,寛式(50公分以上),車道線(無標記),快慢車道分隔線,有,車與車,追撞,駕駛人,未注意車前狀態,死亡1;受傷0,1,機車,普通重型,女,26,戴安全帽或繫安全帶(使用幼童安全椅),未使用,車的狀態,向前直行中,機車,前車頭,,,駕駛人,未注意車前狀態,否
新北市新莊區光明路18號前0.0公尺,晴,日間自然光線,市區道路,30,單路部分,彎曲路及附近,路段,一般車道(未劃分快慢車道),柏油,乾燥,無缺陷,無障礙物,良好,良好,無號誌,無號誌,無,無分向設施,未繪設車道線,未繪設快慢車道分隔線,有,車與車,其他,其他,不明原因肇事,死亡1;受傷0,1,機車,普通輕型,女,47,戴安全帽或繫安全帶(使用幼童安全椅),未使用,車的狀態,向前直行中,機車,前車頭,機車,前車頭,其他,不明原因肇事,否
臺中市大里區大元里國光路一段 / 臺中市大里區大元里國中路,晴,日間自然光線,市區道路,50,交岔路,四岔路,交叉路口,交叉路口內,柏油,乾燥,無缺陷,無障礙物,良好,良好,行車管制號誌,正常,無,無分向設施,未繪設車道線,未繪設快慢車道分隔線,無,車與車,追撞,機件,煞車失靈,死亡1;受傷1,1,小客車,自用,男,66,戴安全帽或繫安全帶(使用幼童安全椅),未使用,車的狀態,向前直行中,汽車,前車頭,,,機件,煞車失靈,否
臺南市官田區隆本里河南高幹50號電桿前(南318線0.2公里處),晴,日間自然光線,市區道路,60,交岔路,三岔路,交叉路口,交叉路口內,柏油,乾燥,無缺陷,無障礙物,良好,良好,無號誌,無號誌,中央分向島,寛式(50公分以上),未繪設車道線,未繪設快慢車道分隔線,有,車與車,追撞,駕駛人,變換車道或方向不當,死亡1;受傷0,1,機車,普通重型,男,83,戴安全帽或繫安全帶(使用幼童安全椅),未使用,車的狀態,向左變換車道,機車,後車尾,機車,左側車身,駕駛人,變換車道或方向不當,否
新北市樹林區保安街1段 / 新北市樹林區保安二街,晴,夜間(或隧道、地下道、涵洞)有照明,市區道路,40,交岔路,四岔路,交叉路口,交叉路口內,柏油,乾燥,無缺陷,無障礙物,良好,良好,行車管制號誌,正常,雙向禁止超車線,附標記,未繪設車道線,未繪設快慢車道分隔線,無,人與汽(機)車,穿越道路中,駕駛人,未注意車前狀態,死亡1;受傷0,1,小客車,自用,男,22,戴安全帽或繫安全帶(使用幼童安全椅),未使用,車的狀態,右轉彎,汽車,右前車頭(身),汽車,右前車頭(身),駕駛人,未注意車前狀態,否
嘉義縣義竹鄉埤前村172線8.3公里處,晴,夜間(或隧道、地下道、涵洞)有照明,縣道,60,單路部分,直路,路段,路肩、路緣,柏油,乾燥,無缺陷,無障礙物,良好,良好,無號誌,無號誌,雙向禁止超車線,無標記,未繪設車道線,未繪設快慢車道分隔線,有,汽(機)車本身,撞路樹、電桿,駕駛人,疲勞(患病)駕駛失控,死亡1;受傷1,1,小客車,自用,男,22,戴安全帽或繫安全帶(使用幼童安全椅),未使用,車的狀態,向前直行中,汽車,右前車頭(身),,,駕駛人,疲勞(患病)駕駛失控,否
澎湖縣馬公市陽明里新店路口 / 澎湖縣馬公市陽明里同和路口,晴,日間自然光線,市區道路,50,交岔路,四岔路,交叉路口,交叉路口內,柏油,乾燥,無缺陷,無障礙物,良好,良好,閃光號誌,正常,無,無分向設施,未繪設車道線,未繪設快慢車道分隔線,無,車與車,路口交岔撞,駕駛人,未依規定讓車,死亡1;受傷0,1,小貨車(含客、貨兩用),自用,男,59,戴安全帽或繫安全帶(使用幼童安全椅),未使用,車的狀態,向前直行中,汽車,左前車頭(身),,,駕駛人,未依規定讓車,否
臺南市白河區南94 2公里100.0公尺處,晴,日間自然光線,鄉道,30,單路部分,直路,路段,路肩、路緣,柏油,乾燥,無缺陷,無障礙物,良好,良好,無號誌,無號誌,無,無分向設施,未繪設車道線,未繪設快慢車道分隔線,有,汽(機)車本身,衝出路外,駕駛人,未注意車前狀態,死亡1;受傷0,1,機車,普通重型,男,50,戴安全帽或繫安全帶(使用幼童安全椅),不明,車的狀態,向前直行中,機車,前車頭,,,駕駛人,未注意車前狀態,否
新北市鶯歌區中山路 / 新北市鶯歌區大湖路,晴,日間自然光線,市區道路,50,交岔路,四岔路,交叉路口,交叉路口內,柏油,乾燥,無缺陷,無障礙物,良好,良好,行車管制號誌,正常,中央分向島,寛式(50公分以上),未繪設車道線,未繪設快慢車道分隔線,無,車與車,其他,駕駛人,違反號誌管制或指揮,死亡1;受傷0,1,大貨車,營業用,男,41,不明,不明,車的狀態,右轉彎,汽車,右前車頭(身),汽車,右前車頭(身),駕駛人,違反號誌管制或指揮,否
嘉義縣中埔鄉中崙村嘉143線南寮3分28號電桿附近,雨,日間自然光線,鄉道,30,單路部分,彎曲路及附近,路段,一般車道(未劃分快慢車道),柏油,濕潤,無缺陷,無障礙物,不良,彎道,無號誌,無號誌,無,無分向設施,未繪設車道線,未繪設快慢車道分隔線,無,汽(機)車本身,其他,駕駛人,未注意車前狀態,死亡2;受傷2,1,小貨車(含客、貨兩用),自用,男,68,戴安全帽或繫安全帶(使用幼童安全椅),未使用,車的狀態,向前直行中,其他,不明,,,駕駛人,未注意車前狀態,否
嘉義縣番路鄉公興村台18線41公里處,陰,日間自然光線,省道,40,單路部分,彎曲路及附近,路段,一般車道(未劃分快慢車道),柏油,濕潤,無缺陷,無障礙物,良好,良好,無號誌,無號誌,雙向禁止超車線,附標記,未繪設車道線,未繪設快慢車道分隔線,有,汽(機)車本身,路上翻車、摔倒,駕駛人,未依規定減速,死亡1;受傷1,1,機車,普通重型,男,15,戴安全帽或繫安全帶(使用幼童安全椅),未使用,車的狀態,向前直行中,機車,右側車身,機車,後車尾,駕駛人,未依規定減速,否
高雄市左營區翠華路前0.0公尺,晴,日間自然光線,市區道路,40,單路部分,直路,路段,慢車道,柏油,乾燥,無缺陷,無障礙物,良好,良好,無號誌,無號誌,雙向禁止超車線,無標記,車道線(無標記),窄式快慢車道分隔島(無柵欄),無,車與車,同向擦撞,駕駛人,變換車道或方向不當,死亡1;受傷0,1,大貨車,營業用,男,27,戴安全帽或繫安全帶(使用幼童安全椅),未使用,車的狀態,向右變換車道,汽車,右側車身,汽車,右側車身,駕駛人,變換車道或方向不當,否
新竹市香山區中華路四段248號附近,晴,日間自然光線,市區道路,50,單路部分,直路,路段,機車優先道,柏油,乾燥,無缺陷,無障礙物,良好,良好,無號誌,無號誌,中央分向島,寛式(50公分以上),車道線(無標記),未繪設快慢車道分隔線,有,車與車,其他,駕駛人,未注意車前狀態,死亡1;受傷0,1,機車,普通重型,女,51,不明,不明,車的狀態,向前直行中,機車,前車頭,,,駕駛人,未注意車前狀態,否
臺中市太平區新高里中山路四段 / 臺中市太平區新高里環中東路四段,晴,日間自然光線,市區道路,50,交岔路,多岔路,交叉路口,交叉路口內,柏油,乾燥,無缺陷,無障礙物,良好,良好,行車管制號誌(附設行人專用號誌),正常,無,無分向設施,未繪設車道線,未繪設快慢車道分隔線,無,車與車,路口交岔撞,駕駛人,違反號誌管制或指揮,死亡1;受傷0,1,機車,普通重型,男,30,戴安全帽或繫安全帶(使用幼童安全椅),未使用,車的狀態,向前直行中,機車,右側車身,,,駕駛人,違反號誌管制或指揮,否
臺中市清水區西社里中華路313號前0.0公尺,晴,日間自然光線,市區道路,70,交岔路,四岔路,交叉路口,交叉口附近,柏油,乾燥,無缺陷,無障礙物,良好,良好,行車管制號誌,正常,中央分向島,窄式無柵欄,車道線(無標記),快慢車道分隔線,有,車與車,同向擦撞,駕駛人,變換車道或方向不當,死亡1;受傷0,1,小客車,自用,男,71,戴安全帽或繫安全帶(使用幼童安全椅),未使用,車的狀態,向右變換車道,汽車,右前車頭(身),,,駕駛人,變換車道或方向不當,否
臺中市梧棲區南簡里港埠路二段364號前0.0公尺,晴,日間自然光線,市區道路,40,單路部分,直路,路段,慢車道,柏油,乾燥,無缺陷,無障礙物,良好,良好,無號誌,無號誌,中央分向島,寛式(50公分以上),車道線(無標記),寛式快慢車道分隔島(50公分以上),無,車與車,其他,其他,不明原因肇事,死亡1;受傷0,1,機車,普通重型,男,39,戴安全帽或繫安全帶(使用幼童安全椅),未使用,車的狀態,向前直行中,機車,右側車身,,,其他,不明原因肇事,否
新竹縣寶山鄉寶山路一段與五油路口附近,晴,日間自然光線,鄉道,40,單路部分,彎曲路及附近,路段,路肩、路緣,柏油,乾燥,無缺陷,無障礙物,良好,良好,無號誌,無號誌,雙向禁止超車線,無標記,未繪設車道線,未繪設快慢車道分隔線,有,汽(機)車本身,撞路樹、電桿,駕駛人,違反特定標誌(線)禁制,死亡1;受傷0,1,機車,普通重型,男,29,戴安全帽或繫安全帶(使用幼童安全椅),未使用,車的狀態,向前直行中,機車,前車頭,,,駕駛人,違反特定標誌(線)禁制,否
嘉義縣溪口鄉坪頂村溪民路與成功路口,晴,日間自然光線,鄉道,50,交岔路,四岔路,交叉路口,交叉路口內,柏油,乾燥,無缺陷,無障礙物,良好,良好,行車管制號誌,正常,無,無分向設施,未繪設車道線,未繪設快慢車道分隔線,無,車與車,其他,其他,不明原因肇事,死亡1;受傷1,1,機車,普通重型,男,66,未戴案全帽或未繫安全帶(未使用幼童安全椅),未使用,車的狀態,向前直行中,機車,前車頭,,,其他,不明原因肇事,否
桃園市楊梅區永平里梅獅路一段199號前0.0公尺,晴,日間自然光線,市區道路,50,單路部分,直路,路段,一般車道(未劃分快慢車道),柏油,乾燥,無缺陷,路上有停車,不良,路上停放車輛,無號誌,無號誌,中央分向島,寛式(50公分以上),車道線(無標記),未繪設快慢車道分隔線,有,車與車,其他,駕駛人,起步未注意其他車(人)安全,死亡1;受傷1,1,其他車,拼裝車,女,80,未戴案全帽或未繫安全帶(未使用幼童安全椅),未使用,車的狀態,起步,其他,不明,,,駕駛人,起步未注意其他車(人)安全,否
臺中市烏日區湖日里公園路562號前0.0公尺,晴,日間自然光線,市區道路,50,單路部分,直路,路段,快車道,柏油,乾燥,無缺陷,無障礙物,良好,良好,無號誌,無號誌,雙向禁止超車線,無標記,車道線(無標記),快慢車道分隔線,無,車與車,其他,駕駛人,酒醉(後)駕駛失控,死亡1;受傷0,1,慢車,腳踏自行車,男,50,不明,不明,車的狀態,迴轉或橫越道路中,其他,非汽(機)車,,,駕駛人,酒醉(後)駕駛失控,否
高雄市鳳山區五甲一路370號前0.0公尺前,晴,夜間(或隧道、地下道、涵洞)有照明,市區道路,40,單路部分,直路,路段,慢車道,柏油,乾燥,無缺陷,無障礙物,良好,良好,無號誌,無號誌,雙向禁止超車線,無標記,車道線(無標記),寛式快慢車道分隔島(50公分以上),無,車與車,追撞,駕駛人,未保持行車安全距離,死亡1;受傷1,1,機車,普通重型,男,55,戴安全帽或繫安全帶(使用幼童安全椅),未使用,車的狀態,向前直行中,機車,前車頭,機車,前車頭,駕駛人,未保持行車安全距離,否