發生地點,天候名稱,光線名稱,道路類別-第1當事者-名稱,速限-第1當事者,道路型態大類別名稱,道路型態子類別名稱,事故位置大類別名稱,事故位置子類別名稱,路面狀況-路面鋪裝名稱,路面狀況-路面狀態名稱,路面狀況-路面缺陷名稱,道路障礙-障礙物名稱,道路障礙-視距品質名稱,道路障礙-視距名稱,號誌-號誌種類名稱,號誌-號誌動作名稱,車道劃分設施-分向設施大類別名稱,車道劃分設施-分向設施子類別名稱,車道劃分設施-分道設施-快車道或一般車道間名稱,車道劃分設施-分道設施-快慢車道間名稱,車道劃分設施-分道設施-路面邊線名稱,事故類型及型態大類別名稱,事故類型及型態子類別名稱,肇因研判大類別名稱-主要,肇因研判子類別名稱-主要,死亡受傷人數,當事者順位,當事者區分-類別-大類別名稱-車種,當事者區分-類別-子類別名稱-車種,當事者屬-性-別名稱,當事者事故發生時年齡,保護裝備名稱,行動電話或電腦或其他相類功能裝置名稱,當事者行動狀態大類別名稱,當事者行動狀態子類別名稱,車輛撞擊部位大類別名稱-最初,車輛撞擊部位子類別名稱-最初,車輛撞擊部位大類別名稱-其他,車輛撞擊部位子類別名稱-其他,肇因研判大類別名稱-個別,肇因研判子類別名稱-個別,肇事逃逸類別名稱-是否肇逃
臺南市佳里區鎮山里勝利路口 / 臺南市佳里區鎮山里佳南路口,晴,夜間(或隧道、地下道、涵洞)有照明,市區道路,50,交岔路,四岔路,交叉路口,交叉路口內,柏油,乾燥,無缺陷,無障礙物,良好,良好,行車管制號誌,正常,無,無分向設施,未繪設車道線,未繪設快慢車道分隔線,無,車與車,側撞,駕駛人,未依規定讓車,死亡1;受傷0,1,大貨車,營業用,男,46,戴安全帽或繫安全帶(使用幼童安全椅),未使用,車的狀態,右轉彎,汽車,右前車頭(身),,,駕駛人,未依規定讓車,否
高雄市田寮區台28省道21.5K號前0.0公尺,晴,日間自然光線,市區道路,50,單路部分,彎曲路及附近,路段,一般車道(未劃分快慢車道),柏油,乾燥,無缺陷,無障礙物,不良,彎道,無號誌,無號誌,雙向禁止超車線,附標記,禁止變換車道線(附標記),未繪設快慢車道分隔線,有,人與汽(機)車,其他,行人(或乘客),在道路上嬉戲或奔走不定,死亡2;受傷1,1,人,行人,男,76,其他(無需使用保護裝備之人),非駕駛人,人的狀態,其他,其他,非汽(機)車,其他,非汽(機)車,行人(或乘客),在道路上嬉戲或奔走不定,否
臺中市北屯區和平里台74線前0.0公尺,晴,日間自然光線,市區道路,80,單路部分,直路,交流道,直線匝道,柏油,乾燥,無缺陷,無障礙物,良好,良好,無號誌,無號誌,中央分向島,寛式(50公分以上),車道線(無標記),未繪設快慢車道分隔線,有,車與車,追撞,駕駛人,未注意車前狀態,死亡1;受傷5,1,小貨車(含客、貨兩用),自用,男,20,戴安全帽或繫安全帶(使用幼童安全椅),未使用,車的狀態,向前直行中,汽車,前車頭,,,駕駛人,未注意車前狀態,否
新北市中和區南山路174號前0.0公尺,晴,日間自然光線,市區道路,50,單路部分,直路,路段,一般車道(未劃分快慢車道),柏油,乾燥,無缺陷,無障礙物,良好,良好,無號誌,無號誌,雙向禁止超車線,無標記,未繪設車道線,未繪設快慢車道分隔線,有,人與汽(機)車,穿越道路中,行人(或乘客),未依標誌、標線、號誌或手勢指揮穿越道路,死亡1;受傷1,1,人,行人,男,87,其他(無需使用保護裝備之人),非駕駛人,人的狀態,步行,其他,非汽(機)車,其他,非汽(機)車,行人(或乘客),未依標誌、標線、號誌或手勢指揮穿越道路,否
臺北市內湖區民權大橋前0.0公尺,晴,日間自然光線,市區道路,40,單路部分,橋樑,路段,機車專用道,柏油,乾燥,無缺陷,無障礙物,良好,良好,無號誌,無號誌,中央分向島,窄式無柵欄,車道線(無標記),未繪設快慢車道分隔線,無,汽(機)車本身,衝出路外,駕駛人,超速失控,死亡1;受傷0,1,機車,普通重型,男,40,戴安全帽或繫安全帶(使用幼童安全椅),不明,車的狀態,向前直行中,機車,右側車身,機車,右側車身,駕駛人,超速失控,否
桃園市八德區介壽路二段167-4號前0.0公尺,晴,晨或暮光,市區道路,30,單路部分,直路,路段,一般車道(未劃分快慢車道),柏油,乾燥,無缺陷,無障礙物,良好,良好,無號誌,無號誌,雙向禁止超車線,無標記,未繪設車道線,未繪設快慢車道分隔線,有,車與車,追撞,駕駛人,未保持行車安全距離,死亡1;受傷1,1,機車,普通重型,男,53,不明,不明,車的狀態,向前直行中,其他,不明,,,駕駛人,未保持行車安全距離,否
苗栗縣大湖鄉台3線 130公里南側向內側,晴,夜間(或隧道、地下道、涵洞)有照明,省道,60,單路部分,直路,路段,一般車道(未劃分快慢車道),柏油,乾燥,無缺陷,無障礙物,良好,良好,閃光號誌,正常,中央分向島,寛式(50公分以上),車道線(無標記),未繪設快慢車道分隔線,有,汽(機)車本身,撞交通島,其他,不明原因肇事,死亡1;受傷1,1,機車,普通重型,女,17,不明,不明,車的狀態,向前直行中,其他,不明,,,其他,不明原因肇事,否
桃園市觀音區嘉富路1115號附近,陰,夜間(或隧道、地下道、涵洞)有照明,市區道路,50,單路部分,彎曲路及附近,路段,一般車道(未劃分快慢車道),柏油,乾燥,無缺陷,無障礙物,良好,良好,無號誌,無號誌,行車分向線,無標記,未繪設車道線,未繪設快慢車道分隔線,有,汽(機)車本身,撞路樹、電桿,駕駛人,酒醉(後)駕駛失控,死亡1;受傷0,1,機車,普通重型,男,30,戴安全帽或繫安全帶(使用幼童安全椅),不明,車的狀態,向前直行中,機車,右側車身,,,駕駛人,酒醉(後)駕駛失控,否
桃園市平鎮區中豐路山頂段北側 / 桃園市平鎮區湧東路,晴,日間自然光線,市區道路,50,交岔路,四岔路,交叉路口,交叉口附近,柏油,乾燥,無缺陷,無障礙物,良好,良好,行車管制號誌,正常,無,無分向設施,未繪設車道線,未繪設快慢車道分隔線,無,車與車,側撞,駕駛人,迴轉未依規定,死亡1;受傷0,1,機車,普通重型,男,75,戴安全帽或繫安全帶(使用幼童安全椅),未使用,車的狀態,迴轉或橫越道路中,機車,右側車身,,,駕駛人,迴轉未依規定,否
臺中市霧峰區五福里環河路一段580號前0.0公尺,晴,日間自然光線,市區道路,40,單路部分,直路,路段,慢車道,柏油,乾燥,無缺陷,無障礙物,良好,良好,無號誌,無號誌,中央分向島,寛式(50公分以上),車道線(無標記),寛式快慢車道分隔島(50公分以上),有,汽(機)車本身,撞交通島,其他,不明原因肇事,死亡1;受傷0,1,機車,普通重型,男,73,戴安全帽或繫安全帶(使用幼童安全椅),未使用,車的狀態,向前直行中,機車,右側車身,,,其他,不明原因肇事,否
彰化縣大城鄉永和村王厝巷前0.0公尺,晴,夜間(或隧道、地下道、涵洞)有照明,村里道路,50,單路部分,直路,路段,一般車道(未劃分快慢車道),柏油,乾燥,無缺陷,無障礙物,良好,良好,無號誌,無號誌,雙向禁止超車線,無標記,車道線(無標記),未繪設快慢車道分隔線,有,汽(機)車本身,撞路樹、電桿,駕駛人,未注意車前狀態,死亡1;受傷0,1,機車,普通重型,男,18,戴安全帽或繫安全帶(使用幼童安全椅),未使用,車的狀態,向前直行中,機車,前車頭,,,駕駛人,未注意車前狀態,否
桃園市楊梅區老莊路口 / 桃園市楊梅區老莊路口,晴,夜間(或隧道、地下道、涵洞)有照明,市區道路,40,單路部分,彎曲路及附近,路段,一般車道(未劃分快慢車道),柏油,乾燥,無缺陷,無障礙物,良好,良好,無號誌,無號誌,雙向禁止超車線,附標記,未繪設車道線,未繪設快慢車道分隔線,有,汽(機)車本身,撞路樹、電桿,駕駛人,未依規定減速,死亡1;受傷1,1,機車,普通重型,男,17,戴安全帽或繫安全帶(使用幼童安全椅),未使用,車的狀態,向前直行中,機車,前車頭,,,駕駛人,未依規定減速,否
高雄市林園區沿海路3段 / 高雄市林園區田厝路,晴,夜間(或隧道、地下道、涵洞)有照明,市區道路,60,交岔路,四岔路,交叉路口,交叉路口內,柏油,乾燥,無缺陷,無障礙物,良好,良好,行車管制號誌,正常,中央分向島,寛式(50公分以上),禁止變換車道線(附標記),寛式快慢車道分隔島(50公分以上),有,車與車,側撞,駕駛人,違反特定標誌(線)禁制,死亡1;受傷1,1,小貨車(含客、貨兩用),自用,男,27,戴安全帽或繫安全帶(使用幼童安全椅),未使用,車的狀態,右轉彎,汽車,右側車身,汽車,右側車身,駕駛人,違反特定標誌(線)禁制,否
桃園市新屋區清華里13鄰24-201號旁,晴,日間自然光線,村里道路,30,交岔路,四岔路,交叉路口,交叉路口內,柏油,乾燥,無缺陷,無障礙物,良好,良好,無號誌,無號誌,無,無分向設施,未繪設車道線,未繪設快慢車道分隔線,無,車與車,路口交岔撞,駕駛人,未依規定讓車,死亡1;受傷0,1,小客車,自用,男,25,戴安全帽或繫安全帶(使用幼童安全椅),未使用,車的狀態,向前直行中,汽車,右前車頭(身),,,駕駛人,未依規定讓車,否
嘉義縣水上鄉龍德村十一指厝120-12號旁路口,陰,日間自然光線,村里道路,30,交岔路,四岔路,交叉路口,交叉路口內,柏油,乾燥,無缺陷,無障礙物,良好,良好,無號誌,無號誌,無,無分向設施,未繪設車道線,未繪設快慢車道分隔線,有,車與車,側撞,駕駛人,未依規定讓車,死亡1;受傷0,1,機車,普通重型,男,58,戴安全帽或繫安全帶(使用幼童安全椅),不明,車的狀態,向前直行中,機車,右側車身,,,駕駛人,未依規定讓車,否
花蓮縣鳳林鎮花東公路口 / 花蓮縣鳳林鎮長橋路口,晴,日間自然光線,省道,70,交岔路,三岔路,交叉路口,交叉路口內,柏油,乾燥,無缺陷,無障礙物,良好,良好,行車管制號誌,正常,無,無分向設施,未繪設車道線,未繪設快慢車道分隔線,無,車與車,同向擦撞,駕駛人,左轉彎未依規定,死亡1;受傷0,1,慢車,微型電動二輪車,女,73,戴安全帽或繫安全帶(使用幼童安全椅),未使用,車的狀態,左轉彎,其他,非汽(機)車,,,駕駛人,左轉彎未依規定,否
新北市石門區台2線道路前0.0公尺,晴,夜間(或隧道、地下道、涵洞)有照明,省道,60,單路部分,直路,路段,一般車道(未劃分快慢車道),柏油,乾燥,無缺陷,無障礙物,良好,良好,無號誌,無號誌,中央分向島,寛式(50公分以上),車道線(無標記),未繪設快慢車道分隔線,有,車與車,同向擦撞,駕駛人,變換車道或方向不當,死亡1;受傷1,1,機車,普通重型,男,19,戴安全帽或繫安全帶(使用幼童安全椅),未使用,車的狀態,向左變換車道,機車,後車尾,機車,後車尾,駕駛人,變換車道或方向不當,否
臺北市文山區羅斯福路6段107號前0.0公尺,晴,日間自然光線,市區道路,50,單路部分,直路,路段,一般車道(未劃分快慢車道),柏油,乾燥,無缺陷,無障礙物,良好,良好,無號誌,無號誌,中央分向島,寛式(50公分以上),車道線(無標記),未繪設快慢車道分隔線,無,車與車,追撞,駕駛人,超速失控,死亡1;受傷1,1,小客車,自用,男,21,不明,未使用,車的狀態,向前直行中,汽車,前車頭,汽車,前車頭,駕駛人,超速失控,否
嘉義縣溪口鄉妙崙村下崙37之5號旁產業道路,晴,日間自然光線,村里道路,30,單路部分,直路,路段,一般車道(未劃分快慢車道),柏油,乾燥,無缺陷,無障礙物,良好,良好,無號誌,無號誌,無,無分向設施,未繪設車道線,未繪設快慢車道分隔線,無,車與車,對向擦撞,駕駛人,未注意車前狀態,死亡1;受傷0,1,機車,普通重型,女,14,未戴案全帽或未繫安全帶(未使用幼童安全椅),未使用,車的狀態,向前直行中,機車,左側車身,,,駕駛人,未注意車前狀態,否
臺中市沙鹿區竹林里臺灣大道七段 / 臺中市沙鹿區竹林里臺灣大道七段,晴,晨或暮光,市區道路,40,交岔路,四岔路,路段,慢車道,柏油,乾燥,無缺陷,無障礙物,良好,良好,行車管制號誌,正常,中央分向島,窄式無柵欄,車道線(無標記),窄式快慢車道分隔島(無柵欄),無,車與車,追撞,駕駛人,未注意車前狀態,死亡1;受傷0,1,機車,普通重型,男,20,戴安全帽或繫安全帶(使用幼童安全椅),未使用,車的狀態,向前直行中,機車,前車頭,,,駕駛人,未注意車前狀態,否
新竹市東區高翠路73巷口,晴,夜間(或隧道、地下道、涵洞)有照明,市區道路,40,交岔路,三岔路,交叉路口,交叉路口內,柏油,乾燥,無缺陷,無障礙物,良好,良好,閃光號誌,正常,無,無分向設施,未繪設車道線,未繪設快慢車道分隔線,無,車與車,側撞,駕駛人,未依規定讓車,死亡1;受傷0,1,小客車,自用,男,63,不明,不明,車的狀態,左轉彎,汽車,左前車頭(身),,,駕駛人,未依規定讓車,否
臺南市佳里區六安里佳北路口 / 臺南市佳里區六安里佳北路口,晴,日間自然光線,市區道路,30,交岔路,四岔路,交叉路口,交叉路口內,柏油,乾燥,無缺陷,無障礙物,良好,良好,無號誌,無號誌,無,無分向設施,未繪設車道線,未繪設快慢車道分隔線,無,車與車,路口交岔撞,駕駛人,未依規定讓車,死亡1;受傷1,1,機車,普通重型,男,43,戴安全帽或繫安全帶(使用幼童安全椅),未使用,車的狀態,向前直行中,機車,前車頭,,,駕駛人,未依規定讓車,否
彰化縣大城鄉永和村南平路679號前0.0公尺,晴,晨或暮光,村里道路,30,單路部分,直路,路段,一般車道(未劃分快慢車道),柏油,乾燥,無缺陷,無障礙物,良好,良好,無號誌,無號誌,無,無分向設施,未繪設車道線,未繪設快慢車道分隔線,有,車與車,倒車撞,駕駛人,倒車未依規定,死亡1;受傷0,1,小貨車(含客、貨兩用),自用,男,54,戴安全帽或繫安全帶(使用幼童安全椅),未使用,車的狀態,倒車,汽車,右後車尾(身),,,駕駛人,倒車未依規定,否
嘉義縣民雄鄉菁埔村164線26公里300公尺處,晴,夜間(或隧道、地下道、涵洞)有照明,縣道,40,交岔路,三岔路,交叉路口,交叉路口內,柏油,乾燥,無缺陷,無障礙物,良好,良好,無號誌,無號誌,無,無分向設施,未繪設車道線,未繪設快慢車道分隔線,無,車與車,追撞,駕駛人,酒醉(後)駕駛失控,死亡1;受傷1,1,機車,普通重型,男,37,戴安全帽或繫安全帶(使用幼童安全椅),不明,車的狀態,向前直行中,機車,前車頭,,,駕駛人,酒醉(後)駕駛失控,否
雲林縣元長鄉台19線 56公里600.0公尺處北側向路肩,晴,夜間(或隧道、地下道、涵洞)有照明,省道,70,單路部分,直路,路段,路肩、路緣,柏油,乾燥,無缺陷,無障礙物,良好,良好,無號誌,無號誌,中央分向島,寛式(50公分以上),車道線(無標記),快慢車道分隔線,有,汽(機)車本身,衝出路外,駕駛人,未注意車前狀態,死亡1;受傷0,1,小客車,自用,男,46,不明,不明,車的狀態,向前直行中,汽車,前車頭,,,駕駛人,未注意車前狀態,否
澎湖縣白沙鄉縣203線 10公里100.0公尺處南側向外側,晴,日間自然光線,縣道,70,單路部分,直路,路段,一般車道(未劃分快慢車道),柏油,乾燥,無缺陷,無障礙物,良好,良好,無號誌,無號誌,雙向禁止超車線,附標記,車道線(無標記),未繪設快慢車道分隔線,有,汽(機)車本身,撞護欄(樁),駕駛人,未注意車前狀態,死亡1;受傷0,1,機車,普通重型,女,18,戴安全帽或繫安全帶(使用幼童安全椅),未使用,車的狀態,向前直行中,機車,右側車身,,,駕駛人,未注意車前狀態,否
新北市八里區新北市八里區中華路3段120號與無名路(江厝橋),晴,日間自然光線,市區道路,50,交岔路,三岔路,交叉路口,交叉路口內,柏油,乾燥,無缺陷,無障礙物,良好,良好,行車管制號誌,正常,雙向禁止超車線,無標記,未繪設車道線,未繪設快慢車道分隔線,無,車與車,側撞,駕駛人,違反號誌管制或指揮,死亡1;受傷0,1,大貨車,自用,男,67,不明,不明,車的狀態,左轉彎,汽車,左側車身,汽車,左側車身,駕駛人,違反號誌管制或指揮,否
新竹市北區南寮大道溜冰廣場前禁止臨時停車標牌處,晴,日間自然光線,市區道路,30,單路部分,彎曲路及附近,路段,一般車道(未劃分快慢車道),柏油,乾燥,無缺陷,無障礙物,良好,良好,無號誌,無號誌,雙向禁止超車線,無標記,車道線(無標記),未繪設快慢車道分隔線,無,汽(機)車本身,衝出路外,其他,其他引起事故之違規或不當行為,死亡1;受傷1,1,機車,普通重型,男,14,戴安全帽或繫安全帶(使用幼童安全椅),未使用,車的狀態,向前直行中,機車,前車頭,,,其他,其他引起事故之違規或不當行為,否
臺中市西區公正里東興路三段92號前0.0公尺,晴,夜間(或隧道、地下道、涵洞)有照明,市區道路,50,單路部分,直路,路段,一般車道(未劃分快慢車道),柏油,乾燥,無缺陷,無障礙物,良好,良好,無號誌,無號誌,雙向禁止超車線,無標記,未繪設車道線,未繪設快慢車道分隔線,有,車與車,對撞,駕駛人,違反特定標誌(線)禁制,死亡1;受傷1,1,機車,普通輕型,男,69,戴安全帽或繫安全帶(使用幼童安全椅),未使用,車的狀態,向前直行中,機車,前車頭,,,駕駛人,違反特定標誌(線)禁制,否
臺南市永康區中華路607號,晴,日間自然光線,市區道路,50,交岔路,三岔路,交叉路口,交叉口附近,柏油,乾燥,無缺陷,無障礙物,良好,良好,無號誌,無號誌,中央分向島,寛式(50公分以上),車道線(無標記),快慢車道分隔線,有,汽(機)車本身,路上翻車、摔倒,駕駛人,未注意車前狀態,死亡1;受傷0,1,機車,普通重型,男,40,戴安全帽或繫安全帶(使用幼童安全椅),未使用,車的狀態,向前直行中,機車,前車頭,,,駕駛人,未注意車前狀態,否
嘉義縣溪口鄉溪東村157線10公里500公尺處,晴,日間自然光線,縣道,50,單路部分,橋樑,路段,一般車道(未劃分快慢車道),柏油,乾燥,無缺陷,無障礙物,良好,良好,無號誌,無號誌,雙向禁止超車線,無標記,未繪設車道線,未繪設快慢車道分隔線,有,車與車,追撞,駕駛人,未注意車前狀態,死亡1;受傷1,1,機車,普通重型,男,27,戴安全帽或繫安全帶(使用幼童安全椅),未使用,車的狀態,向前直行中,機車,前車頭,,,駕駛人,未注意車前狀態,否
臺中市東勢區北興里東關路七段 / 臺中市東勢區北興里豐勢路,晴,日間自然光線,市區道路,60,單路部分,彎曲路及附近,路段,一般車道(未劃分快慢車道),柏油,乾燥,無缺陷,無障礙物,良好,良好,無號誌,無號誌,中央分向島,寛式(50公分以上),禁止變換車道線(附標記),未繪設快慢車道分隔線,無,汽(機)車本身,撞交通島,駕駛人,未注意車前狀態,死亡1;受傷0,1,機車,普通重型,男,71,戴安全帽或繫安全帶(使用幼童安全椅),未使用,車的狀態,向前直行中,機車,左側車身,,,駕駛人,未注意車前狀態,否
高雄市大寮區仁愛路 / 高雄市大寮區國華街,晴,日間自然光線,市區道路,30,交岔路,四岔路,交叉路口,交叉路口內,柏油,乾燥,無缺陷,無障礙物,良好,良好,無號誌,無號誌,無,無分向設施,未繪設車道線,未繪設快慢車道分隔線,無,車與車,路口交岔撞,駕駛人,未依規定讓車,死亡1;受傷2,1,機車,普通重型,男,18,戴安全帽或繫安全帶(使用幼童安全椅),未使用,車的狀態,向前直行中,機車,前車頭,機車,前車頭,駕駛人,未依規定讓車,否
桃園市大園區大園交流道海霸王對面,晴,日間自然光線,市區道路,50,單路部分,直路,路段,路肩、路緣,柏油,乾燥,無缺陷,無障礙物,良好,良好,無號誌,無號誌,中央分向島,寛式(50公分以上),車道線(無標記),未繪設快慢車道分隔線,無,車與車,同向擦撞,駕駛人,違反特定標誌(線)禁制,死亡1;受傷1,1,機車,普通重型,男,67,戴安全帽或繫安全帶(使用幼童安全椅),未使用,車的狀態,向左變換車道,其他,不明,,,駕駛人,違反特定標誌(線)禁制,否
新竹縣竹北市中正東路350號附近,晴,日間自然光線,縣道,50,單路部分,直路,路段,機車優先道,柏油,乾燥,無缺陷,無障礙物,良好,良好,無號誌,無號誌,雙向禁止超車線,無標記,車道線(無標記),快慢車道分隔線,有,人與汽(機)車,同向通行中,駕駛人,未注意車前狀態,死亡1;受傷0,1,小客車,自用,男,30,戴安全帽或繫安全帶(使用幼童安全椅),未使用,車的狀態,向前直行中,汽車,右側車身,,,駕駛人,未注意車前狀態,否
彰化縣花壇鄉金墩村中山路1段243號前0.0公尺附近,雨,夜間(或隧道、地下道、涵洞)有照明,村里道路,70,單路部分,直路,路段,路肩、路緣,柏油,濕潤,無缺陷,無障礙物,良好,良好,無號誌,無號誌,中央分向島,寛式(50公分以上),車道線(無標記),快慢車道分隔線,有,車與車,追撞,駕駛人,未注意車前狀態,死亡1;受傷0,1,小貨車(含客、貨兩用),自用,男,44,戴安全帽或繫安全帶(使用幼童安全椅),未使用,車的狀態,向前直行中,汽車,前車頭,,,駕駛人,未注意車前狀態,否
新竹縣竹北市中正東路附近 / 新竹縣竹北市三民路附近,陰,夜間(或隧道、地下道、涵洞)有照明,縣道,50,交岔路,四岔路,其他,行人穿越道,柏油,乾燥,無缺陷,無障礙物,良好,良好,行車管制號誌,正常,雙向禁止超車線,無標記,未繪設車道線,未繪設快慢車道分隔線,有,人與汽(機)車,穿越道路中,駕駛人,搶越行人穿越道,死亡1;受傷0,1,小客車,自用,男,24,戴安全帽或繫安全帶(使用幼童安全椅),未使用,車的狀態,左轉彎,汽車,左前車頭(身),,,駕駛人,搶越行人穿越道,否
彰化縣埔心鄉舊舘村中正路2段 / 彰化縣埔心鄉舊舘村中興路,雨,夜間(或隧道、地下道、涵洞)有照明,村里道路,60,交岔路,四岔路,交叉路口,交叉路口內,柏油,濕潤,無缺陷,無障礙物,不良,其他,行車管制號誌,正常,無,無分向設施,未繪設車道線,未繪設快慢車道分隔線,無,人與汽(機)車,穿越道路中,行人(或乘客),未依規定行走行人穿越道、地下道、天橋而穿越道路,死亡1;受傷0,1,人,行人,男,57,戴安全帽或繫安全帶(使用幼童安全椅),非駕駛人,人的狀態,步行,其他,非汽(機)車,,,行人(或乘客),未依規定行走行人穿越道、地下道、天橋而穿越道路,否
雲林縣元長鄉元長外環道與中山路9巷口,雨,日間自然光線,村里道路,50,交岔路,四岔路,交叉路口,交叉路口內,柏油,濕潤,無缺陷,無障礙物,良好,良好,行車管制號誌,正常,中央分向島,寛式(50公分以上),車道線(無標記),未繪設快慢車道分隔線,有,車與車,路口交岔撞,駕駛人,違反號誌管制或指揮,死亡2;受傷2,1,機車,普通重型,男,81,不明,不明,車的狀態,向前直行中,機車,左側車身,,,駕駛人,違反號誌管制或指揮,否
臺東縣鹿野鄉瑞和村5鄰瑞景路3段166號前0.0公尺,晴,日間自然光線,村里道路,50,單路部分,彎曲路及附近,路段,路肩、路緣,柏油,乾燥,無缺陷,無障礙物,不良,彎道,無號誌,無號誌,雙向禁止超車線,無標記,未繪設車道線,未繪設快慢車道分隔線,有,汽(機)車本身,撞橋樑、建築物,駕駛人,未依規定減速,死亡1;受傷1,1,機車,普通重型,女,38,戴安全帽或繫安全帶(使用幼童安全椅),未使用,車的狀態,向前直行中,機車,右側車身,,,駕駛人,未依規定減速,否
臺中市沙鹿區西勢里中航路一段66號前0.0公尺,晴,夜間(或隧道、地下道、涵洞)有照明,市區道路,50,單路部分,直路,路段,一般車道(未劃分快慢車道),柏油,乾燥,無缺陷,無障礙物,良好,良好,閃光號誌,正常,無,無分向設施,未繪設車道線,未繪設快慢車道分隔線,無,汽(機)車本身,撞路樹、電桿,駕駛人,疲勞(患病)駕駛失控,死亡1;受傷0,1,小貨車(含客、貨兩用),自用,男,49,未戴案全帽或未繫安全帶(未使用幼童安全椅),未使用,車的狀態,向前直行中,汽車,前車頭,,,駕駛人,疲勞(患病)駕駛失控,否
桃園市龜山區文化一路口 / 桃園市龜山區文德路,雨,夜間(或隧道、地下道、涵洞)有照明,市區道路,60,交岔路,四岔路,其他,穿越道附近,柏油,濕潤,無缺陷,無障礙物,良好,良好,行車管制號誌(附設行人專用號誌),正常,中央分向島,窄式無柵欄,車道線(無標記),未繪設快慢車道分隔線,有,人與汽(機)車,穿越道路中,行人(或乘客),未依規定行走行人穿越道、地下道、天橋而穿越道路,死亡1;受傷1,1,人,行人,男,59,其他(無需使用保護裝備之人),非駕駛人,人的狀態,奔跑,其他,非汽(機)車,,,行人(或乘客),未依規定行走行人穿越道、地下道、天橋而穿越道路,否
雲林縣麥寮鄉後安村豐安路382號,晴,夜間(或隧道、地下道、涵洞)有照明,村里道路,50,單路部分,直路,路段,路肩、路緣,柏油,乾燥,無缺陷,無障礙物,良好,良好,無號誌,無號誌,中央分向島,寛式(50公分以上),車道線(無標記),未繪設快慢車道分隔線,有,汽(機)車本身,衝出路外,駕駛人,酒醉(後)駕駛失控,死亡1;受傷1,1,小客車,自用,男,39,不明,不明,車的狀態,倒車,汽車,右側車身,,,駕駛人,酒醉(後)駕駛失控,否
嘉義縣布袋鎮中安里嘉18線3.8公里處,晴,日間自然光線,鄉道,40,交岔路,多岔路,交叉路口,交叉口附近,柏油,乾燥,無缺陷,無障礙物,良好,良好,無號誌,無號誌,行車分向線,無標記,車道線(無標記),未繪設快慢車道分隔線,有,車與車,追撞,駕駛人,未注意車前狀態,死亡1;受傷0,1,小客車,自用,男,53,戴安全帽或繫安全帶(使用幼童安全椅),未使用,車的狀態,向前直行中,汽車,左前車頭(身),,,駕駛人,未注意車前狀態,否
新竹市北區中正路口 / 新竹市北區中正路口,晴,日間自然光線,市區道路,40,交岔路,四岔路,交叉路口,交叉路口內,柏油,乾燥,無缺陷,無障礙物,良好,良好,閃光號誌,正常,無,無分向設施,未繪設車道線,未繪設快慢車道分隔線,無,車與車,路口交岔撞,駕駛人,酒醉(後)駕駛失控,死亡1;受傷0,1,機車,普通重型,男,91,不明,不明,車的狀態,向前直行中,其他,不明,,,駕駛人,酒醉(後)駕駛失控,否
屏東縣高樹鄉田子村蕉場路與勝利路口往西約30公尺處,陰,夜間(或隧道、地下道、涵洞)有照明,村里道路,50,單路部分,直路,路段,一般車道(未劃分快慢車道),柏油,乾燥,無缺陷,無障礙物,良好,良好,無號誌,無號誌,行車分向線,無標記,車道線(無標記),快慢車道分隔線,有,車與車,對向擦撞,駕駛人,違反特定標誌(線)禁制,死亡1;受傷3,1,小客車,自用,男,37,不明,不明,車的狀態,向前直行中,汽車,左前車頭(身),,,駕駛人,違反特定標誌(線)禁制,否
臺中市北屯區后庄路口 / 臺中市北屯區后庄路口,晴,夜間(或隧道、地下道、涵洞)有照明,市區道路,50,交岔路,三岔路,其他,行人穿越道,柏油,乾燥,無缺陷,無障礙物,良好,良好,無號誌,無號誌,無,無分向設施,未繪設車道線,未繪設快慢車道分隔線,無,人與汽(機)車,穿越道路中,駕駛人,搶越行人穿越道,死亡1;受傷1,1,機車,普通重型,男,18,戴安全帽或繫安全帶(使用幼童安全椅),未使用,車的狀態,向前直行中,機車,前車頭,,,駕駛人,搶越行人穿越道,否
南投縣名間鄉內庄巷堤防枝20電桿附近,雨,夜間(或隧道、地下道、涵洞)無照明,村里道路,30,單路部分,彎曲路及附近,路段,一般車道(未劃分快慢車道),柏油,濕潤,突出(高低)不平,無障礙物,良好,良好,無號誌,無號誌,無,無分向設施,未繪設車道線,未繪設快慢車道分隔線,無,汽(機)車本身,衝出路外,其他,不明原因肇事,死亡1;受傷0,1,機車,普通重型,男,46,戴安全帽或繫安全帶(使用幼童安全椅),不明,人的狀態,不明,其他,不明,,,其他,不明原因肇事,否
臺中市南區忠孝路口 / 臺中市南區忠孝路口,晴,夜間(或隧道、地下道、涵洞)有照明,市區道路,50,交岔路,四岔路,交叉路口,交叉路口內,柏油,乾燥,無缺陷,無障礙物,良好,良好,無號誌,無號誌,行車分向線,無標記,車道線(無標記),未繪設快慢車道分隔線,無,人與汽(機)車,穿越道路中,駕駛人,搶越行人穿越道,死亡1;受傷0,1,小客車,計程車,男,44,戴安全帽或繫安全帶(使用幼童安全椅),未使用,車的狀態,向前直行中,汽車,前車頭,,,駕駛人,搶越行人穿越道,否